timestamp,time_s,phase,load_state,cooling_type,trial,cpu_temp_c,ambient_c,delta_t_die_ambient_c,cpu_clock_mhz,throttled,pump_duty_pct,pump_power_w,pi_power_w,q_cpu_w,power_w,cop,pue,stabilization_slope_c_per_min
2026-07-15T22:16:09.575811,0.0,idle_pre,idle,geothermal,6,38.6,21.5,17.1,2400,0,100,0.75,2.711,2.711,3.46,3.615,1.277,
2026-07-15T22:16:11.395803,1.85,idle_pre,idle,geothermal,6,34.2,21.5,12.7,2400,0,100,0.75,2.487,2.487,3.24,3.316,1.302,
2026-07-15T22:16:13.215748,3.67,idle_pre,idle,geothermal,6,32.55,21.5,11.05,2400,0,100,0.75,2.414,2.414,3.16,3.219,1.311,
2026-07-15T22:16:15.039752,5.49,idle_pre,idle,geothermal,6,31.45,21.5,9.95,2400,0,100,0.75,2.568,2.568,3.32,3.424,1.292,
2026-07-15T22:16:16.832024,7.31,idle_pre,idle,geothermal,6,30.35,21.562,8.788,2400,0,100,0.75,2.556,2.556,3.31,3.408,1.293,-63.3117
2026-07-15T22:16:18.656031,9.11,idle_pre,idle,geothermal,6,30.35,21.5,8.85,2400,0,100,0.75,2.555,2.555,3.3,3.407,1.294,-50.8054
2026-07-15T22:16:20.483971,10.93,idle_pre,idle,geothermal,6,30.35,21.5,8.85,2400,0,100,0.75,2.624,2.624,3.37,3.499,1.286,-40.8728
2026-07-15T22:16:22.308005,12.75,idle_pre,idle,geothermal,6,30.35,21.562,8.788,2400,0,100,0.75,2.634,2.634,3.38,3.512,1.285,-33.2967
2026-07-15T22:16:24.131971,14.58,idle_pre,idle,geothermal,6,29.8,21.5,8.3,2400,0,100,0.75,2.386,2.386,3.14,3.181,1.314,-28.7382
2026-07-15T22:16:25.951986,16.4,idle_pre,idle,geothermal,6,29.8,21.5,8.3,2400,0,100,0.75,2.398,2.398,3.15,3.197,1.313,-24.8513
2026-07-15T22:16:27.747977,18.22,idle_pre,idle,geothermal,6,29.8,21.562,8.238,2400,0,100,0.75,2.624,2.624,3.37,3.499,1.286,-21.6026
2026-07-15T22:16:29.567970,20.02,idle_pre,idle,geothermal,6,29.8,21.5,8.3,2400,0,100,0.75,2.484,2.484,3.23,3.312,1.302,-18.9123
2026-07-15T22:16:31.359980,21.84,idle_pre,idle,geothermal,6,28.7,21.5,7.2,2400,0,100,0.75,2.641,2.641,3.39,3.521,1.284,-17.8552
2026-07-15T22:16:33.151972,23.63,idle_pre,idle,geothermal,6,29.8,21.5,8.3,2400,0,100,0.75,2.538,2.538,3.29,3.384,1.296,-15.6544
2026-07-15T22:16:34.980029,25.43,idle_pre,idle,geothermal,6,29.25,21.562,7.688,2400,0,100,0.75,2.501,2.501,3.25,3.335,1.3,-14.289
2026-07-15T22:16:36.807977,27.25,idle_pre,idle,geothermal,6,28.7,21.562,7.138,2400,0,100,0.75,2.412,2.412,3.16,3.216,1.311,-13.4568
2026-07-15T22:16:38.631976,29.08,idle_pre,idle,geothermal,6,28.7,21.5,7.2,2400,0,100,0.75,2.467,2.467,3.22,3.289,1.304,-12.6191
2026-07-15T22:16:40.452000,30.9,idle_pre,idle,geothermal,6,28.7,21.562,7.138,2400,0,100,0.75,2.599,2.599,3.35,3.465,1.289,-11.8084
2026-07-15T22:16:42.275981,32.72,idle_pre,idle,geothermal,6,28.15,21.5,6.65,2400,0,100,0.75,2.486,2.486,3.24,3.315,1.302,-11.328
2026-07-15T22:16:44.103974,34.55,idle_pre,idle,geothermal,6,28.15,21.562,6.588,2400,0,100,0.75,2.591,2.591,3.34,3.455,1.289,-10.8154
2026-07-15T22:16:45.919984,36.38,idle_pre,idle,geothermal,6,27.6,21.5,6.1,2400,0,100,0.75,2.643,2.643,3.39,3.524,1.284,-10.5302
2026-07-15T22:16:47.711959,38.19,idle_pre,idle,geothermal,6,27.6,21.562,6.038,2400,0,100,0.75,2.381,2.381,3.13,3.175,1.315,-10.1916
2026-07-15T22:16:49.504054,39.98,idle_pre,idle,geothermal,6,28.15,21.562,6.588,2400,0,100,0.75,2.388,2.388,3.14,3.184,1.314,-9.6276
2026-07-15T22:16:51.331951,41.77,idle_pre,idle,geothermal,6,27.6,21.5,6.1,2400,0,100,0.75,2.653,2.653,3.4,3.537,1.283,-9.2802
2026-07-15T22:16:53.124006,43.6,idle_pre,idle,geothermal,6,28.15,21.5,6.65,2400,0,100,0.75,2.638,2.638,3.39,3.517,1.284,-8.7556
2026-07-15T22:16:54.943970,45.39,idle_pre,idle,geothermal,6,28.7,21.5,7.2,2400,0,100,0.75,2.417,2.417,3.17,3.223,1.31,-8.1144
2026-07-15T22:16:56.767976,47.22,idle_pre,idle,geothermal,6,27.6,21.5,6.1,2400,0,100,0.75,2.375,2.375,3.13,3.167,1.316,-7.8286
2026-07-15T22:16:58.564042,49.04,idle_pre,idle,geothermal,6,28.15,21.5,6.65,2400,0,100,0.75,2.366,2.366,3.12,3.155,1.317,-7.4075
2026-07-15T22:17:00.387979,50.83,idle_pre,idle,geothermal,6,27.6,21.562,6.038,2400,0,100,0.75,2.452,2.452,3.2,3.269,1.306,-7.1426
2026-07-15T22:17:02.207968,52.66,idle_pre,idle,geothermal,6,27.6,21.5,6.1,2400,0,100,0.75,2.38,2.38,3.13,3.173,1.315,-6.8806
2026-07-15T22:17:03.999962,54.48,idle_pre,idle,geothermal,6,27.6,21.562,6.038,2400,0,100,0.75,2.356,2.356,3.11,3.141,1.318,-6.6245
2026-07-15T22:17:05.831987,56.27,idle_pre,idle,geothermal,6,25.95,21.5,4.45,2400,0,100,0.75,2.372,2.372,3.12,3.163,1.316,-6.6862
2026-07-15T22:17:07.655977,58.11,idle_pre,idle,geothermal,6,27.6,21.562,6.038,2400,0,100,0.75,2.356,2.356,3.11,3.141,1.318,-6.4095
2026-07-15T22:17:09.472000,59.93,idle_pre,idle,geothermal,6,27.05,21.5,5.55,2400,0,100,0.75,2.363,2.363,3.11,3.151,1.317,-6.238
2026-07-15T22:17:11.295999,61.74,idle_pre,idle,geothermal,6,28.15,21.562,6.588,2400,0,100,0.75,2.405,2.405,3.16,3.207,1.312,-5.8914
2026-07-15T22:17:13.087974,63.57,idle_pre,idle,geothermal,6,27.05,21.5,5.55,2400,0,100,0.75,2.411,2.411,3.16,3.215,1.311,-5.7365
2026-07-15T22:17:14.912002,65.36,idle_pre,idle,geothermal,6,27.6,21.562,6.038,2400,0,100,0.75,2.632,2.632,3.38,3.509,1.285,-5.5037
2026-07-15T22:17:16.707988,67.18,idle_pre,idle,geothermal,6,26.5,21.562,4.938,2400,0,100,0.75,2.345,2.345,3.1,3.127,1.32,-5.4307
2026-07-15T22:17:18.496026,68.98,idle_pre,idle,geothermal,6,27.6,21.5,6.1,2400,0,100,0.75,2.362,2.362,3.11,3.149,1.318,-5.2078
2026-07-15T22:17:20.324044,70.77,idle_pre,idle,geothermal,6,27.6,21.562,6.038,2400,0,100,0.75,2.384,2.384,3.13,3.179,1.315,-4.9981
2026-07-15T22:17:22.111983,72.59,idle_pre,idle,geothermal,6,27.05,21.562,5.488,2400,0,100,0.75,2.517,2.517,3.27,3.356,1.298,-4.8632
2026-07-15T22:17:23.935988,74.39,idle_pre,idle,geothermal,6,27.6,21.562,6.038,2400,0,100,0.75,2.456,2.456,3.21,3.275,1.305,-4.6705
2026-07-15T22:17:25.767994,76.21,idle_pre,idle,geothermal,6,27.6,21.562,6.038,2400,0,100,0.75,2.402,2.402,3.15,3.203,1.312,-4.4885
2026-07-15T22:17:27.587994,78.04,idle_pre,idle,geothermal,6,25.95,21.5,4.45,2400,0,100,0.75,2.359,2.359,3.11,3.145,1.318,-4.4817
2026-07-15T22:17:29.407996,79.86,idle_pre,idle,geothermal,6,27.6,21.562,6.038,2400,0,100,0.75,2.337,2.337,3.09,3.116,1.321,-4.3046
2026-07-15T22:17:31.199966,81.68,idle_pre,idle,geothermal,6,27.6,21.5,6.1,2400,0,100,0.75,2.372,2.372,3.12,3.163,1.316,-4.1375
2026-07-15T22:17:32.996057,83.47,idle_pre,idle,geothermal,6,27.6,21.5,6.1,2400,0,100,0.75,2.405,2.405,3.15,3.207,1.312,-3.9801
2026-07-15T22:17:34.815996,85.27,idle_pre,idle,geothermal,6,27.6,21.562,6.038,2400,0,100,0.75,2.365,2.365,3.11,3.153,1.317,-3.8316
2026-07-15T22:17:36.612006,87.09,idle_pre,idle,geothermal,6,27.05,21.5,5.55,2400,0,100,0.75,2.374,2.374,3.12,3.165,1.316,-3.7356
2026-07-15T22:17:38.435977,88.88,idle_pre,idle,geothermal,6,28.15,21.5,6.65,2400,0,100,0.75,2.345,2.345,3.1,3.127,1.32,-3.5564
2026-07-15T22:17:40.259990,90.71,idle_pre,idle,geothermal,6,26.5,21.5,5.0,2400,0,100,0.75,2.589,2.589,3.34,3.452,1.29,-3.5128
2026-07-15T22:17:42.087996,92.53,idle_pre,idle,geothermal,6,27.6,21.562,6.038,2400,0,100,0.75,2.475,2.475,3.23,3.3,1.303,-3.3871
2026-07-15T22:17:43.904000,94.36,idle_pre,idle,geothermal,6,27.6,21.562,6.038,2400,0,100,0.75,2.387,2.387,3.14,3.183,1.314,-3.2679
2026-07-15T22:17:45.731993,96.18,idle_pre,idle,geothermal,6,27.6,21.562,6.038,2400,0,100,0.75,2.396,2.396,3.15,3.195,1.313,-3.1548
2026-07-15T22:17:47.528017,98.0,idle_pre,idle,geothermal,6,26.5,21.562,4.938,2400,0,100,0.75,2.359,2.359,3.11,3.145,1.318,-3.1183
2026-07-15T22:17:49.351975,99.8,idle_pre,idle,geothermal,6,27.6,21.562,6.038,2400,0,100,0.75,2.399,2.399,3.15,3.199,1.313,-3.0115
2026-07-15T22:17:51.168006,101.63,idle_pre,idle,geothermal,6,27.05,21.562,5.488,2400,0,100,0.75,2.595,2.595,3.34,3.46,1.289,-2.9429
2026-07-15T22:17:52.959988,103.44,idle_pre,idle,geothermal,6,27.05,21.5,5.55,2400,0,100,0.75,2.439,2.439,3.19,3.252,1.307,-2.8761
2026-07-15T22:17:54.755998,105.23,idle_pre,idle,geothermal,6,26.5,21.562,4.938,2400,0,100,0.75,2.376,2.376,3.13,3.168,1.316,-2.8419
2026-07-15T22:17:56.575997,107.03,idle_pre,idle,geothermal,6,27.05,21.5,5.55,2400,0,100,0.75,2.367,2.367,3.12,3.156,1.317,-2.7765
2026-07-15T22:17:58.367999,108.85,idle_pre,idle,geothermal,6,26.5,21.562,4.938,2400,0,100,0.75,2.371,2.371,3.12,3.161,1.316,-2.7419
2026-07-15T22:18:00.196019,110.64,idle_pre,idle,geothermal,6,27.05,21.562,5.488,2400,0,100,0.75,2.359,2.359,3.11,3.145,1.318,-2.6783
2026-07-15T22:18:02.020005,112.47,idle_pre,idle,geothermal,6,27.05,21.562,5.488,2400,0,100,0.75,2.334,2.334,3.08,3.112,1.321,-2.6166
2026-07-15T22:18:03.840004,114.29,idle_pre,idle,geothermal,6,26.5,21.562,4.938,2400,0,100,0.75,2.347,2.347,3.1,3.129,1.32,-2.583
2026-07-15T22:18:05.640017,116.11,idle_pre,idle,geothermal,6,27.05,21.562,5.488,2400,0,100,0.75,2.418,2.418,3.17,3.224,1.31,-2.5232
2026-07-15T22:18:07.455982,117.91,idle_pre,idle,geothermal,6,27.05,21.562,5.488,2400,0,100,0.75,2.397,2.397,3.15,3.196,1.313,-2.4654
2026-07-15T22:18:09.252001,119.73,idle_pre,idle,geothermal,6,27.05,21.5,5.55,2400,0,100,0.75,2.386,2.386,3.14,3.181,1.314,-2.4093
2026-07-15T22:18:11.080057,121.52,idle_pre,idle,geothermal,6,26.5,21.562,4.938,2400,0,100,0.75,2.513,2.513,3.26,3.351,1.299,-2.0198
2026-07-15T22:18:12.895994,123.36,idle_pre,idle,geothermal,6,27.05,21.5,5.55,2400,0,100,0.75,2.514,2.514,3.26,3.352,1.298,-1.788
2026-07-15T22:18:14.687994,125.17,idle_pre,idle,geothermal,6,27.05,21.5,5.55,2400,0,100,0.75,2.419,2.419,3.17,3.225,1.31,-1.6209
2026-07-15T22:18:16.480022,126.96,idle_pre,idle,geothermal,6,27.05,21.5,5.55,2400,0,100,0.75,2.559,2.559,3.31,3.412,1.293,-1.496
2026-07-15T22:18:18.308017,128.75,idle_pre,idle,geothermal,6,26.5,21.5,5.0,2400,0,100,0.75,2.475,2.475,3.23,3.3,1.303,-1.4387
2026-07-15T22:18:20.127971,130.58,idle_pre,idle,geothermal,6,27.05,21.562,5.488,2400,0,100,0.75,2.426,2.426,3.18,3.235,1.309,-1.3523
2026-07-15T22:18:21.924074,132.4,idle_pre,idle,geothermal,6,26.5,21.562,4.938,2400,0,100,0.75,2.558,2.558,3.31,3.411,1.293,-1.2854
2026-07-15T22:18:23.748101,134.2,idle_pre,idle,geothermal,6,26.5,21.562,4.938,2400,0,100,0.75,2.446,2.446,3.2,3.261,1.307,-1.2135
2026-07-15T22:18:25.568004,136.02,idle_pre,idle,geothermal,6,27.05,21.562,5.488,2400,0,100,0.75,2.379,2.379,3.13,3.172,1.315,-1.1373
2026-07-15T22:18:27.396015,137.84,idle_pre,idle,geothermal,6,27.05,21.562,5.488,2400,0,100,0.75,2.367,2.367,3.12,3.156,1.317,-1.0573
2026-07-15T22:18:29.220004,139.67,idle_pre,idle,geothermal,6,27.05,21.562,5.488,2400,0,100,0.75,2.365,2.365,3.11,3.153,1.317,-0.9738
2026-07-15T22:18:31.043998,141.49,idle_pre,idle,geothermal,6,27.05,21.5,5.55,2400,0,100,0.75,2.604,2.604,3.35,3.472,1.288,-0.8866
2026-07-15T22:18:32.868014,143.31,idle_pre,idle,geothermal,6,27.05,21.562,5.488,2400,0,100,0.75,2.432,2.432,3.18,3.243,1.308,-0.8451
2026-07-15T22:18:34.696008,145.14,idle_pre,idle,geothermal,6,26.5,21.562,4.938,2400,0,100,0.75,2.371,2.371,3.12,3.161,1.316,-0.7761
2026-07-15T22:18:36.548022,146.97,idle_pre,idle,geothermal,6,25.95,21.562,4.388,2400,0,100,0.75,2.398,2.398,3.15,3.197,1.313,-0.7513
2026-07-15T22:18:38.372002,148.82,idle_pre,idle,geothermal,6,27.05,21.562,5.488,2400,0,100,0.75,2.344,2.344,3.09,3.125,1.32,-0.699
2026-07-15T22:18:40.191992,150.65,idle_pre,idle,geothermal,6,27.05,21.5,5.55,2400,0,100,0.75,2.402,2.402,3.15,3.203,1.312,-0.6444
2026-07-15T22:18:42.016034,152.46,idle_pre,idle,geothermal,6,27.05,21.562,5.488,2400,0,100,0.75,2.392,2.392,3.14,3.189,1.314,-0.5876
2026-07-15T22:18:43.844026,154.29,idle_pre,idle,geothermal,6,26.5,21.562,4.938,2400,0,100,0.75,2.388,2.388,3.14,3.184,1.314,-0.5774
2026-07-15T22:18:45.667999,156.12,idle_pre,idle,geothermal,6,27.05,21.562,5.488,2400,0,100,0.75,2.364,2.364,3.11,3.152,1.317,-0.541
2026-07-15T22:18:47.456046,157.94,idle_pre,idle,geothermal,6,27.05,21.562,5.488,2400,0,100,0.75,2.596,2.596,3.35,3.461,1.289,-0.5279
2026-07-15T22:18:49.252017,159.73,idle_pre,idle,geothermal,6,27.05,21.562,5.488,2400,0,100,0.75,2.585,2.585,3.33,3.447,1.29,-0.514
2026-07-15T22:18:51.071989,161.53,idle_pre,idle,geothermal,6,25.95,21.5,4.45,2400,0,100,0.75,2.618,2.618,3.37,3.491,1.286,-0.5227
2026-07-15T22:18:52.895989,163.34,idle_pre,idle,geothermal,6,25.95,21.562,4.388,2400,0,100,0.75,2.427,2.427,3.18,3.236,1.309,-0.5532
2026-07-15T22:18:54.692034,165.17,idle_pre,idle,geothermal,6,27.05,21.562,5.488,2400,0,100,0.75,2.387,2.387,3.14,3.183,1.314,-0.5089
2026-07-15T22:18:56.516037,166.96,idle_pre,idle,geothermal,6,27.6,21.562,6.038,2400,0,100,0.75,2.63,2.63,3.38,3.507,1.285,-0.4144
2026-07-15T22:18:58.344000,168.79,idle_pre,idle,geothermal,6,26.5,21.562,4.938,2400,0,100,0.75,2.38,2.38,3.13,3.173,1.315,-0.4159
2026-07-15T22:19:00.160057,170.61,idle_pre,idle,geothermal,6,26.5,21.562,4.938,2400,0,100,0.75,2.432,2.432,3.18,3.243,1.308,-0.3912
2026-07-15T22:19:01.984182,172.43,idle_pre,idle,geothermal,6,26.5,21.562,4.938,2400,0,100,0.75,2.51,2.51,3.26,3.347,1.299,-0.389
2026-07-15T22:19:03.780056,174.25,idle_pre,idle,geothermal,6,27.05,21.5,5.55,2400,0,100,0.75,2.553,2.553,3.3,3.404,1.294,-0.3614
2026-07-15T22:19:05.608017,176.05,idle_pre,idle,geothermal,6,27.05,21.5,5.55,2400,0,100,0.75,2.384,2.384,3.13,3.179,1.315,-0.333
2026-07-15T22:19:07.423990,177.88,idle_pre,idle,geothermal,6,27.05,21.562,5.488,2400,0,100,0.75,2.371,2.371,3.12,3.161,1.316,-0.378
2026-07-15T22:19:09.255998,179.69,idle_pre,idle,geothermal,6,26.5,21.562,4.938,2400,0,100,0.75,2.338,2.338,3.09,3.117,1.321,-0.3743
2026-07-15T22:19:11.072001,181.53,idle_pre,idle,geothermal,6,26.5,21.562,4.938,2400,0,100,0.75,2.409,2.409,3.16,3.212,1.311,-0.3939
2026-07-15T22:19:12.900001,183.35,idle_pre,idle,geothermal,6,24.85,21.562,3.288,2400,0,100,0.75,2.333,2.333,3.08,3.111,1.321,-0.4353
2026-07-15T22:19:14.720033,185.17,idle_pre,idle,geothermal,6,26.5,21.562,4.938,2400,0,100,0.75,2.353,2.353,3.1,3.137,1.319,-0.4498
2026-07-15T22:19:16.516049,186.99,idle_pre,idle,geothermal,6,25.95,21.562,4.388,2400,0,100,0.75,2.346,2.346,3.1,3.128,1.32,-0.4628
2026-07-15T22:19:18.335996,188.79,idle_pre,idle,geothermal,6,26.5,21.5,5.0,2400,0,100,0.75,2.362,2.362,3.11,3.149,1.318,-0.499
2026-07-15T22:19:20.160005,190.61,idle_pre,idle,geothermal,6,26.5,21.562,4.938,2400,0,100,0.75,2.419,2.419,3.17,3.225,1.31,-0.4859
2026-07-15T22:19:21.956005,192.43,idle_pre,idle,geothermal,6,27.05,21.562,5.488,2400,0,100,0.75,2.608,2.608,3.36,3.477,1.288,-0.4474
2026-07-15T22:19:23.776022,194.23,idle_pre,idle,geothermal,6,26.5,21.562,4.938,2400,0,100,0.75,2.366,2.366,3.12,3.155,1.317,-0.4568
2026-07-15T22:19:25.576026,196.05,idle_pre,idle,geothermal,6,26.5,21.562,4.938,2400,0,100,0.75,2.369,2.369,3.12,3.159,1.317,-0.4409
2026-07-15T22:19:27.396002,197.85,idle_pre,idle,geothermal,6,25.95,21.562,4.388,2400,0,100,0.75,2.518,2.518,3.27,3.357,1.298,-0.4474
2026-07-15T22:19:29.216011,199.67,idle_pre,idle,geothermal,6,27.05,21.562,5.488,2400,0,100,0.75,2.531,2.531,3.28,3.375,1.296,-0.4777
2026-07-15T22:19:31.044010,201.49,idle_pre,idle,geothermal,6,27.05,21.562,5.488,2400,0,100,0.75,2.354,2.354,3.1,3.139,1.319,-0.4357
2026-07-15T22:19:32.864022,203.31,idle_pre,idle,geothermal,6,26.5,21.5,5.0,2400,0,100,0.75,2.376,2.376,3.13,3.168,1.316,-0.4168
2026-07-15T22:19:34.688016,205.14,idle_pre,idle,geothermal,6,26.5,21.562,4.938,2400,0,100,0.75,2.384,2.384,3.13,3.179,1.315,-0.3965
2026-07-15T22:19:36.512032,206.96,idle_pre,idle,geothermal,6,26.5,21.562,4.938,2400,0,100,0.75,2.625,2.625,3.37,3.5,1.286,-0.3748
2026-07-15T22:19:38.336013,208.78,idle_pre,idle,geothermal,6,26.5,21.562,4.938,2400,0,100,0.75,2.417,2.417,3.17,3.223,1.31,-0.3762
2026-07-15T22:19:40.159985,210.61,idle_pre,idle,geothermal,6,25.95,21.562,4.388,2400,0,100,0.75,2.386,2.386,3.14,3.181,1.314,-0.3515
2026-07-15T22:19:41.988022,212.43,idle_pre,idle,geothermal,6,27.05,21.562,5.488,2400,0,100,0.75,2.605,2.605,3.36,3.473,1.288,-0.35
2026-07-15T22:19:43.812034,214.26,idle_pre,idle,geothermal,6,26.5,21.562,4.938,2400,0,100,0.75,2.364,2.364,3.11,3.152,1.317,-0.3239
2026-07-15T22:19:45.631980,216.09,idle_pre,idle,geothermal,6,26.5,21.562,4.938,2400,0,100,0.75,2.375,2.375,3.13,3.167,1.316,-0.2964
2026-07-15T22:19:47.424007,217.9,idle_pre,idle,geothermal,6,27.05,21.562,5.488,2400,0,100,0.75,2.383,2.383,3.13,3.177,1.315,-0.2435
2026-07-15T22:19:49.247991,219.69,idle_pre,idle,geothermal,6,25.95,21.562,4.388,2400,0,100,0.75,2.382,2.382,3.13,3.176,1.315,-0.2869
2026-07-15T22:19:51.072018,221.52,idle_pre,idle,geothermal,6,26.5,21.562,4.938,2400,0,100,0.75,2.541,2.541,3.29,3.388,1.295,-0.2565
2026-07-15T22:19:52.900016,223.34,idle_pre,idle,geothermal,6,26.5,21.562,4.938,2400,0,100,0.75,2.513,2.513,3.26,3.351,1.298,-0.2492
2026-07-15T22:19:54.719997,225.17,idle_pre,idle,geothermal,6,26.5,21.562,4.938,2400,0,100,0.75,2.34,2.34,3.09,3.12,1.321,-0.2413
2026-07-15T22:19:56.512038,226.99,idle_pre,idle,geothermal,6,27.05,21.562,5.488,2400,0,100,0.75,2.375,2.375,3.12,3.167,1.316,-0.2332
2026-07-15T22:19:58.312023,228.78,idle_pre,idle,geothermal,6,26.5,21.562,4.938,2400,0,100,0.75,2.598,2.598,3.35,3.464,1.289,-0.2253
2026-07-15T22:20:00.128019,230.58,idle_pre,idle,geothermal,6,26.5,21.562,4.938,2400,0,100,0.75,2.437,2.437,3.19,3.249,1.308,-0.2412
2026-07-15T22:20:01.951995,232.4,idle_pre,idle,geothermal,6,27.05,21.562,5.488,2400,0,100,0.75,2.358,2.358,3.11,3.144,1.318,-0.2086
2026-07-15T22:20:03.748038,234.22,idle_pre,idle,geothermal,6,26.5,21.562,4.938,2400,0,100,0.75,2.371,2.371,3.12,3.161,1.316,-0.1999
2026-07-15T22:20:05.567971,236.02,idle_pre,idle,geothermal,6,27.05,21.562,5.488,2400,0,100,0.75,2.358,2.358,3.11,3.144,1.318,-0.1912
2026-07-15T22:20:07.391994,237.84,idle_pre,idle,geothermal,6,26.5,21.562,4.938,2400,0,100,0.75,2.403,2.403,3.15,3.204,1.312,-0.1825
2026-07-15T22:20:09.220024,239.66,idle_pre,idle,geothermal,6,27.05,21.562,5.488,2400,0,100,0.75,2.447,2.447,3.2,3.263,1.307,-0.1492
2026-07-15T22:20:11.044005,241.49,idle_pre,idle,geothermal,6,26.5,21.562,4.938,2400,0,100,0.75,2.449,2.449,3.2,3.265,1.306,-0.1398
2026-07-15T22:20:12.871993,243.32,idle_pre,idle,geothermal,6,27.05,21.562,5.488,2400,0,100,0.75,2.348,2.348,3.1,3.131,1.319,-0.1304
2026-07-15T22:20:14.687997,245.14,idle_pre,idle,geothermal,6,26.5,21.562,4.938,2400,0,100,0.75,2.427,2.427,3.18,3.236,1.309,-0.121
2026-07-15T22:20:16.479975,246.96,idle_pre,idle,geothermal,6,25.95,21.562,4.388,2400,0,100,0.75,2.345,2.345,3.1,3.127,1.32,-0.1224
2026-07-15T22:20:18.271996,248.75,idle_pre,idle,geothermal,6,26.5,21.562,4.938,2400,0,100,0.75,2.586,2.586,3.34,3.448,1.29,-0.1232
2026-07-15T22:20:20.100019,250.54,idle_pre,idle,geothermal,6,27.05,21.562,5.488,2400,0,100,0.75,2.679,2.679,3.43,3.572,1.28,-0.1116
2026-07-15T22:20:21.920005,252.37,idle_pre,idle,geothermal,6,26.5,21.562,4.938,2400,0,100,0.75,2.615,2.615,3.36,3.487,1.287,-0.1
2026-07-15T22:20:23.752186,254.19,idle_pre,idle,geothermal,6,27.05,21.562,5.488,2400,0,100,0.75,2.622,2.622,3.37,3.496,1.286,-0.0884
2026-07-15T22:20:25.384123,256.02,step_up,load,geothermal,6,25.95,21.562,4.388,2400,0,100,0.75,2.466,2.466,3.22,3.288,1.304,
2026-07-15T22:20:27.017908,257.65,step_up,load,geothermal,6,33.1,21.562,11.538,2400,0,100,0.75,5.132,5.132,5.88,6.843,1.146,
2026-07-15T22:20:28.650104,259.29,step_up,load,geothermal,6,33.65,21.562,12.088,2400,0,100,0.75,5.004,5.004,5.75,6.672,1.15,
2026-07-15T22:20:30.276783,260.92,step_up,load,geothermal,6,34.2,21.562,12.638,2400,0,100,0.75,5.134,5.134,5.88,6.845,1.146,
2026-07-15T22:20:31.903030,262.55,step_up,load,geothermal,6,33.65,21.562,12.088,2400,0,100,0.75,5.02,5.02,5.77,6.693,1.149,60.7129
2026-07-15T22:20:33.598789,264.17,step_up,load,geothermal,6,34.2,21.562,12.638,2400,0,100,0.75,5.185,5.185,5.93,6.913,1.145,45.7223
2026-07-15T22:20:35.208929,265.87,step_up,load,geothermal,6,34.2,21.562,12.638,2400,0,100,0.75,5.01,5.01,5.76,6.68,1.15,35.232
2026-07-15T22:20:36.853273,267.48,step_up,load,geothermal,6,34.2,21.562,12.638,2400,0,100,0.75,4.94,4.94,5.69,6.587,1.152,28.035
2026-07-15T22:20:38.562527,269.12,step_up,load,geothermal,6,34.75,21.562,13.188,2400,0,100,0.75,5.168,5.168,5.92,6.891,1.145,24.145
2026-07-15T22:20:40.214520,270.83,step_up,load,geothermal,6,33.65,21.562,12.088,2400,0,100,0.75,4.984,4.984,5.73,6.645,1.15,18.5724
2026-07-15T22:20:41.838752,272.48,step_up,load,geothermal,6,34.2,21.562,12.638,2400,0,100,0.75,5.048,5.048,5.8,6.731,1.149,15.6238
2026-07-15T22:20:43.535673,274.11,step_up,load,geothermal,6,34.2,21.562,12.638,2400,0,100,0.75,5.026,5.026,5.78,6.701,1.149,13.341
2026-07-15T22:20:45.159363,275.81,step_up,load,geothermal,6,34.75,21.562,13.188,2400,0,100,0.75,4.929,4.929,5.68,6.572,1.152,12.1683
2026-07-15T22:20:46.852397,277.43,step_up,load,geothermal,6,34.75,21.562,13.188,2400,0,100,0.75,5.255,5.255,6.01,7.007,1.143,11.0928
2026-07-15T22:20:48.501838,279.12,step_up,load,geothermal,6,33.1,21.562,11.538,2400,0,100,0.75,4.946,4.946,5.7,6.595,1.152,8.6017
2026-07-15T22:20:50.122865,280.77,step_up,load,geothermal,6,33.1,21.562,11.538,2400,0,100,0.75,5.131,5.131,5.88,6.841,1.146,6.7509
2026-07-15T22:20:51.780373,282.39,step_up,load,geothermal,6,34.75,21.562,13.188,2400,0,100,0.75,4.996,4.996,5.75,6.661,1.15,6.5315
2026-07-15T22:20:53.459727,284.05,step_up,load,geothermal,6,34.75,21.562,13.188,2400,0,100,0.75,5.163,5.163,5.91,6.884,1.145,6.2624
2026-07-15T22:20:55.973513,285.73,step_up,load,geothermal,6,34.2,21.562,12.638,2400,0,100,0.75,4.716,4.716,5.47,6.288,1.159,5.653
2026-07-15T22:20:58.446672,288.24,step_up,load,geothermal,6,35.85,21.562,14.288,2400,0,100,0.75,6.008,6.008,6.76,8.011,1.125,5.9542
2026-07-15T22:21:00.887204,290.72,step_up,load,geothermal,6,36.4,21.562,14.838,2400,0,100,0.75,5.932,5.932,6.68,7.909,1.126,6.3281
2026-07-15T22:21:03.319461,293.16,step_up,load,geothermal,6,35.3,21.562,13.738,2400,0,100,0.75,6.005,6.005,6.76,8.007,1.125,5.9861
2026-07-15T22:21:05.794016,295.59,step_up,load,geothermal,6,35.85,21.562,14.288,2400,0,100,0.75,6.124,6.124,6.87,8.165,1.122,5.862
2026-07-15T22:21:08.238343,298.06,step_up,load,geothermal,6,35.85,21.562,14.288,2400,0,100,0.75,6.05,6.05,6.8,8.067,1.124,5.679
2026-07-15T22:21:10.668670,300.51,step_up,load,geothermal,6,35.3,21.562,13.738,2400,0,100,0.75,5.776,5.776,6.53,7.701,1.13,5.274
2026-07-15T22:21:13.115492,302.94,step_up,load,geothermal,6,35.3,21.562,13.738,2400,0,100,0.75,5.978,5.978,6.73,7.971,1.125,4.9032
2026-07-15T22:21:15.652671,305.39,step_up,load,geothermal,6,35.85,21.562,14.288,2400,0,100,0.75,6.085,6.085,6.83,8.113,1.123,4.7227
2026-07-15T22:21:18.120958,307.92,step_up,load,geothermal,6,34.75,21.562,13.188,2400,0,100,0.75,6.036,6.036,6.79,8.048,1.124,4.2413
2026-07-15T22:21:20.558834,310.39,step_up,load,geothermal,6,36.4,21.625,14.775,2400,0,100,0.75,5.61,5.61,6.36,7.48,1.134,4.2276
2026-07-15T22:21:23.080623,312.83,step_up,load,geothermal,6,35.3,21.562,13.738,2400,0,100,0.75,5.951,5.951,6.7,7.935,1.126,3.933
2026-07-15T22:21:25.563168,315.35,step_up,load,geothermal,6,35.85,21.625,14.225,2400,0,100,0.75,5.796,5.796,6.55,7.728,1.129,3.7806
2026-07-15T22:21:28.032363,317.84,step_up,load,geothermal,6,35.3,21.625,13.675,2400,0,100,0.75,5.868,5.868,6.62,7.824,1.128,3.5246
2026-07-15T22:21:30.475046,320.3,step_up,load,geothermal,6,35.85,21.562,14.288,2400,0,100,0.75,6.064,6.064,6.81,8.085,1.124,3.3922
2026-07-15T22:21:32.935263,322.75,step_up,load,geothermal,6,35.85,21.562,14.288,2400,0,100,0.75,5.907,5.907,6.66,7.876,1.127,3.2627
2026-07-15T22:21:35.447396,325.21,step_up,load,geothermal,6,35.85,21.562,14.288,2400,0,100,0.75,5.778,5.778,6.53,7.704,1.13,3.1372
2026-07-15T22:21:37.875341,327.72,step_up,load,geothermal,6,36.4,21.562,14.838,2400,0,100,0.75,5.968,5.968,6.72,7.957,1.126,3.0948
2026-07-15T22:21:40.384007,330.15,step_up,load,geothermal,6,35.3,21.562,13.738,2400,0,100,0.75,5.861,5.861,6.61,7.815,1.128,2.8947
2026-07-15T22:21:42.808727,332.65,step_up,load,geothermal,6,35.85,21.562,14.288,2400,0,100,0.75,5.864,5.864,6.61,7.819,1.128,2.7834
2026-07-15T22:21:45.291350,335.08,step_up,load,geothermal,6,35.85,21.562,14.288,2400,0,100,0.75,5.979,5.979,6.73,7.972,1.125,2.6774
2026-07-15T22:21:47.800724,337.56,step_up,load,geothermal,6,35.3,21.625,13.675,2400,0,100,0.75,5.987,5.987,6.74,7.983,1.125,2.5145
2026-07-15T22:21:50.236935,340.07,step_up,load,geothermal,6,35.3,21.625,13.675,2400,0,100,0.75,5.989,5.989,6.74,7.985,1.125,2.3662
2026-07-15T22:21:52.709558,342.51,step_up,load,geothermal,6,35.85,21.625,14.225,2400,0,100,0.75,6.126,6.126,6.88,8.168,1.122,2.2864
2026-07-15T22:21:55.243860,344.98,step_up,load,geothermal,6,35.85,21.562,14.288,2400,0,100,0.75,6.172,6.172,6.92,8.229,1.122,2.2096
2026-07-15T22:21:57.739730,347.51,step_up,load,geothermal,6,35.3,21.562,13.738,2400,0,100,0.75,5.955,5.955,6.71,7.94,1.126,2.0861
2026-07-15T22:22:00.181161,350.01,step_up,load,geothermal,6,35.3,21.625,13.675,2400,0,100,0.75,5.955,5.955,6.7,7.94,1.126,1.9728
2026-07-15T22:22:02.669394,352.45,step_up,load,geothermal,6,35.3,21.625,13.675,2400,0,100,0.75,5.999,5.999,6.75,7.999,1.125,1.8689
2026-07-15T22:22:05.128209,354.94,step_up,load,geothermal,6,35.85,21.562,14.288,2400,0,100,0.75,6.05,6.05,6.8,8.067,1.124,1.8157
2026-07-15T22:22:07.624081,357.4,step_up,load,geothermal,6,35.85,21.625,14.225,2400,0,100,0.75,5.759,5.759,6.51,7.679,1.13,1.7642
2026-07-15T22:22:10.072709,359.89,step_up,load,geothermal,6,35.85,21.625,14.225,2400,0,100,0.75,5.916,5.916,6.67,7.888,1.127,1.7142
2026-07-15T22:22:12.521192,362.34,step_up,load,geothermal,6,36.4,21.625,14.775,2400,0,100,0.75,6.11,6.11,6.86,8.147,1.123,1.7028
2026-07-15T22:22:14.975421,364.79,step_up,load,geothermal,6,35.3,21.562,13.738,2400,0,100,0.75,5.94,5.94,6.69,7.92,1.126,1.6177
2026-07-15T22:22:17.464587,367.25,step_up,load,geothermal,6,35.3,21.625,13.675,2400,0,100,0.75,5.804,5.804,6.55,7.739,1.129,1.539
2026-07-15T22:22:19.922781,369.74,step_up,load,geothermal,6,35.3,21.625,13.675,2400,0,100,0.75,6.081,6.081,6.83,8.108,1.123,1.4658
2026-07-15T22:22:22.378795,372.19,step_up,load,geothermal,6,35.85,21.625,14.225,2400,0,100,0.75,6.201,6.201,6.95,8.268,1.121,1.4289
2026-07-15T22:22:24.825462,374.65,step_up,load,geothermal,6,36.4,21.625,14.775,2400,0,100,0.75,6.231,6.231,6.98,8.308,1.12,1.423
2026-07-15T22:22:27.321803,377.1,step_up,load,geothermal,6,35.85,21.625,14.225,2400,0,100,0.75,5.764,5.764,6.51,7.685,1.13,1.0203
2026-07-15T22:22:29.742470,379.59,step_up,load,geothermal,6,35.85,21.562,14.288,2400,0,100,0.75,6.132,6.132,6.88,8.176,1.122,0.9107
2026-07-15T22:22:32.211019,382.01,step_up,load,geothermal,6,36.95,21.625,15.325,2400,0,100,0.75,5.828,5.828,6.58,7.771,1.129,0.939
2026-07-15T22:22:34.653015,384.48,step_up,load,geothermal,6,35.85,21.625,14.225,2400,0,100,0.75,5.978,5.978,6.73,7.971,1.125,0.8612
2026-07-15T22:22:37.132751,386.92,step_up,load,geothermal,6,36.4,21.562,14.838,2400,0,100,0.75,6.058,6.058,6.81,8.077,1.124,0.8496
2026-07-15T22:22:39.586604,389.4,step_up,load,geothermal,6,35.85,21.625,14.225,2400,0,100,0.75,5.799,5.799,6.55,7.732,1.129,0.8092
2026-07-15T22:22:42.049011,391.86,step_up,load,geothermal,6,35.3,21.625,13.675,2400,0,100,0.75,6.211,6.211,6.96,8.281,1.121,0.7008
2026-07-15T22:22:44.469592,394.32,step_up,load,geothermal,6,36.4,21.562,14.838,2400,0,100,0.75,6.144,6.144,6.89,8.192,1.122,0.6435
2026-07-15T22:22:46.909736,396.74,step_up,load,geothermal,6,35.85,21.562,14.288,2400,0,100,0.75,6.162,6.162,6.91,8.216,1.122,0.6134
2026-07-15T22:22:49.433594,399.18,step_up,load,geothermal,6,36.4,21.625,14.775,2400,0,100,0.75,6.417,6.417,7.17,8.556,1.117,0.5041
2026-07-15T22:22:51.889507,401.7,step_up,load,geothermal,6,35.85,21.562,14.288,2400,0,100,0.75,6.011,6.011,6.76,8.015,1.125,0.3678
2026-07-15T22:22:54.384656,404.16,step_up,load,geothermal,6,36.4,21.625,14.775,2400,0,100,0.75,5.831,5.831,6.58,7.775,1.129,0.3136
2026-07-15T22:22:56.854405,406.65,step_up,load,geothermal,6,35.85,21.625,14.225,2400,0,100,0.75,5.655,5.655,6.41,7.54,1.133,0.2236
2026-07-15T22:22:59.374197,409.12,step_up,load,geothermal,6,36.4,21.625,14.775,2400,0,100,0.75,5.965,5.965,6.71,7.953,1.126,0.2645
2026-07-15T22:23:02.009217,411.64,step_up,load,geothermal,6,35.3,21.625,13.675,2400,0,100,0.75,6.187,6.187,6.94,8.249,1.121,0.2726
2026-07-15T22:23:03.845325,414.28,step_up,load,geothermal,6,35.85,21.625,14.225,2400,0,100,0.75,6.023,6.023,6.77,8.031,1.125,0.248
2026-07-15T22:23:06.299867,416.12,step_up,load,geothermal,6,34.75,21.625,13.125,2400,0,100,0.75,5.273,5.273,6.02,7.031,1.142,0.1914
2026-07-15T22:23:08.887149,418.57,step_up,load,geothermal,6,35.3,21.562,13.738,2400,0,100,0.75,6.023,6.023,6.77,8.031,1.125,0.1699
2026-07-15T22:23:11.336725,421.16,step_up,load,geothermal,6,35.3,21.625,13.675,2400,0,100,0.75,5.909,5.909,6.66,7.879,1.127,0.1155
2026-07-15T22:23:13.796358,423.61,step_up,load,geothermal,6,36.4,21.625,14.775,2400,0,100,0.75,6.157,6.157,6.91,8.209,1.122,0.1263
2026-07-15T22:23:16.238813,426.07,step_up,load,geothermal,6,35.3,21.562,13.738,2400,0,100,0.75,6.234,6.234,6.98,8.312,1.12,0.1033
2026-07-15T22:23:18.755738,428.51,step_up,load,geothermal,6,34.75,21.625,13.125,2400,0,100,0.75,6.182,6.182,6.93,8.243,1.121,-0.0196
2026-07-15T22:23:19.779786,431.03,step_down,idle,geothermal,6,36.4,21.625,14.775,2400,0,100,0.75,6.125,6.125,6.87,8.167,1.122,
2026-07-15T22:23:20.803763,432.05,step_down,idle,geothermal,6,29.8,21.625,8.175,2400,0,100,0.75,2.379,2.379,3.13,3.172,1.315,
2026-07-15T22:23:21.823795,433.07,step_down,idle,geothermal,6,29.25,21.625,7.625,2400,0,100,0.75,2.635,2.635,3.39,3.513,1.285,
2026-07-15T22:23:22.847778,434.09,step_down,idle,geothermal,6,27.6,21.625,5.975,2400,0,100,0.75,2.544,2.544,3.29,3.392,1.295,
2026-07-15T22:23:23.847951,435.12,step_down,idle,geothermal,6,28.15,21.625,6.525,2400,0,100,0.75,2.4,2.4,3.15,3.2,1.312,-109.7186
2026-07-15T22:23:24.867982,436.12,step_down,idle,geothermal,6,28.15,21.625,6.525,2400,0,100,0.75,2.389,2.389,3.14,3.185,1.314,-80.5891
2026-07-15T22:23:25.887943,437.14,step_down,idle,geothermal,6,28.15,21.625,6.525,2400,0,100,0.75,2.418,2.418,3.17,3.224,1.31,-61.451
2026-07-15T22:23:26.915983,438.16,step_down,idle,geothermal,6,28.15,21.625,6.525,2400,0,100,0.75,2.365,2.365,3.11,3.153,1.317,-48.321
2026-07-15T22:23:27.935955,439.19,step_down,idle,geothermal,6,28.15,21.625,6.525,2400,0,100,0.75,2.369,2.369,3.12,3.159,1.317,-38.903
2026-07-15T22:23:28.927953,440.21,step_down,idle,geothermal,6,27.6,21.562,6.038,2400,0,100,0.75,2.59,2.59,3.34,3.453,1.29,-33.7798
2026-07-15T22:23:29.924046,441.2,step_down,idle,geothermal,6,27.6,21.625,5.975,2400,0,100,0.75,2.619,2.619,3.37,3.492,1.286,-29.503
2026-07-15T22:23:30.947958,442.19,step_down,idle,geothermal,6,27.6,21.625,5.975,2400,0,100,0.75,2.355,2.355,3.1,3.14,1.319,-25.9239
2026-07-15T22:23:31.939950,443.22,step_down,idle,geothermal,6,27.05,21.625,5.425,2400,0,100,0.75,2.432,2.432,3.18,3.243,1.308,-23.9564
2026-07-15T22:23:32.959973,444.21,step_down,idle,geothermal,6,27.6,21.625,5.975,2400,0,100,0.75,2.46,2.46,3.21,3.28,1.305,-21.1242
2026-07-15T22:23:33.951941,445.23,step_down,idle,geothermal,6,27.05,21.625,5.425,2400,0,100,0.75,2.717,2.717,3.47,3.623,1.276,-19.5599
2026-07-15T22:23:34.943979,446.22,step_down,idle,geothermal,6,27.05,21.625,5.425,2400,0,100,0.75,2.642,2.642,3.39,3.523,1.284,-18.0921
2026-07-15T22:23:35.967986,447.21,step_down,idle,geothermal,6,27.05,21.625,5.425,2400,0,100,0.75,2.396,2.396,3.15,3.195,1.313,-16.7371
2026-07-15T22:23:36.959964,448.24,step_down,idle,geothermal,6,27.05,21.625,5.425,2400,0,100,0.75,2.402,2.402,3.15,3.203,1.312,-15.4852
2026-07-15T22:23:37.951968,449.23,step_down,idle,geothermal,6,27.6,21.625,5.975,2400,0,100,0.75,2.344,2.344,3.09,3.125,1.32,-13.8349
2026-07-15T22:23:38.975971,450.22,step_down,idle,geothermal,6,27.6,21.625,5.975,2400,0,100,0.75,2.596,2.596,3.35,3.461,1.289,-12.4391
2026-07-15T22:23:39.971982,451.25,step_down,idle,geothermal,6,27.6,21.625,5.975,2400,0,100,0.75,2.623,2.623,3.37,3.497,1.286,-11.2382
2026-07-15T22:23:40.959961,452.24,step_down,idle,geothermal,6,26.5,21.625,4.875,2400,0,100,0.75,2.442,2.442,3.19,3.256,1.307,-10.9775
2026-07-15T22:23:41.987994,453.23,step_down,idle,geothermal,6,27.05,21.625,5.425,2400,0,100,0.75,2.38,2.38,3.13,3.173,1.315,-10.3086
2026-07-15T22:23:43.007971,454.26,step_down,idle,geothermal,6,26.5,21.562,4.938,2400,0,100,0.75,2.407,2.407,3.16,3.209,1.312,-10.0129
2026-07-15T22:23:44.031986,455.28,step_down,idle,geothermal,6,27.05,21.625,5.425,2400,0,100,0.75,2.357,2.357,3.11,3.143,1.318,-9.3875
2026-07-15T22:23:45.023961,456.3,step_down,idle,geothermal,6,27.05,21.625,5.425,2400,0,100,0.75,2.452,2.452,3.2,3.269,1.306,-8.8137
2026-07-15T22:23:46.015976,457.29,step_down,idle,geothermal,6,27.6,21.625,5.975,2400,0,100,0.75,2.371,2.371,3.12,3.161,1.316,-8.0305
2026-07-15T22:23:47.007963,458.29,step_down,idle,geothermal,6,27.05,21.625,5.425,2400,0,100,0.75,2.365,2.365,3.11,3.153,1.317,-7.5871
2026-07-15T22:23:48.835981,459.28,step_down,idle,geothermal,6,27.05,21.625,5.425,2400,0,100,0.75,2.345,2.345,3.1,3.127,1.32,-7.1776
2026-07-15T22:23:50.656000,461.11,step_down,idle,geothermal,6,26.5,21.625,4.875,2400,0,100,0.75,2.543,2.543,3.29,3.391,1.295,-6.9628
2026-07-15T22:23:52.447980,462.93,step_down,idle,geothermal,6,27.05,21.625,5.425,2400,0,100,0.75,2.633,2.633,3.38,3.511,1.285,-6.491
2026-07-15T22:23:54.275972,464.72,step_down,idle,geothermal,6,27.05,21.625,5.425,2400,0,100,0.75,2.692,2.692,3.44,3.589,1.279,-6.0331
2026-07-15T22:23:56.095971,466.55,step_down,idle,geothermal,6,27.05,21.625,5.425,2400,0,100,0.75,2.489,2.489,3.24,3.319,1.301,-5.5965
2026-07-15T22:23:57.887964,468.37,step_down,idle,geothermal,6,27.05,21.625,5.425,2400,0,100,0.75,2.386,2.386,3.14,3.181,1.314,-5.1876
2026-07-15T22:23:59.715992,470.16,step_down,idle,geothermal,6,27.6,21.625,5.975,2400,0,100,0.75,2.549,2.549,3.3,3.399,1.294,-4.6414
2026-07-15T22:24:01.504036,471.99,step_down,idle,geothermal,6,25.95,21.562,4.388,2400,0,100,0.75,2.626,2.626,3.38,3.501,1.286,-4.6341
2026-07-15T22:24:03.327965,473.77,step_down,idle,geothermal,6,27.05,21.625,5.425,2400,0,100,0.75,2.397,2.397,3.15,3.196,1.313,-4.2954
2026-07-15T22:24:05.152005,475.6,step_down,idle,geothermal,6,27.6,21.625,5.975,2400,0,100,0.75,2.551,2.551,3.3,3.401,1.294,-3.8494
2026-07-15T22:24:06.947983,477.42,step_down,idle,geothermal,6,27.6,21.625,5.975,2400,0,100,0.75,2.457,2.457,3.21,3.276,1.305,-3.4591
2026-07-15T22:24:08.767955,479.22,step_down,idle,geothermal,6,27.05,21.625,5.425,2400,0,100,0.75,2.379,2.379,3.13,3.172,1.315,-3.239
2026-07-15T22:24:10.595982,481.04,step_down,idle,geothermal,6,26.5,21.625,4.875,2400,0,100,0.75,2.509,2.509,3.26,3.345,1.299,-3.1517
2026-07-15T22:24:12.415990,482.87,step_down,idle,geothermal,6,28.15,21.625,6.525,2400,0,100,0.75,2.577,2.577,3.33,3.436,1.291,-2.7415
2026-07-15T22:24:14.207975,484.69,step_down,idle,geothermal,6,27.05,21.625,5.425,2400,0,100,0.75,2.355,2.355,3.11,3.14,1.318,-2.587
2026-07-15T22:24:15.999989,486.48,step_down,idle,geothermal,6,27.05,21.625,5.425,2400,0,100,0.75,2.334,2.334,3.08,3.112,1.321,-2.4454
2026-07-15T22:24:17.827980,488.27,step_down,idle,geothermal,6,27.05,21.625,5.425,2400,0,100,0.75,2.356,2.356,3.11,3.141,1.318,-2.3154
2026-07-15T22:24:19.647976,490.1,step_down,idle,geothermal,6,27.6,21.625,5.975,2400,0,100,0.75,2.35,2.35,3.1,3.133,1.319,-2.112
2026-07-15T22:24:21.443998,491.92,step_down,idle,geothermal,6,27.05,21.562,5.488,2400,0,100,0.75,2.597,2.597,3.35,3.463,1.289,-2.0102
2026-07-15T22:24:23.267977,493.71,step_down,idle,geothermal,6,25.95,21.562,4.388,2400,0,100,0.75,2.558,2.558,3.31,3.411,1.293,-2.0647
2026-07-15T22:24:25.087999,495.54,step_down,idle,geothermal,6,26.5,21.625,4.875,2400,0,100,0.75,2.38,2.38,3.13,3.173,1.315,-2.0326
2026-07-15T22:24:26.879983,497.36,step_down,idle,geothermal,6,27.6,21.625,5.975,2400,0,100,0.75,2.495,2.495,3.25,3.327,1.301,-1.8639
2026-07-15T22:24:28.676015,499.15,step_down,idle,geothermal,6,25.95,21.625,4.325,2400,0,100,0.75,2.527,2.527,3.28,3.369,1.297,-1.9032
2026-07-15T22:24:30.500031,500.95,step_down,idle,geothermal,6,27.05,21.625,5.425,2400,0,100,0.75,2.602,2.602,3.35,3.469,1.288,-1.8104
2026-07-15T22:24:32.320007,502.77,step_down,idle,geothermal,6,27.6,21.625,5.975,2400,0,100,0.75,2.666,2.666,3.42,3.555,1.281,-1.6671
2026-07-15T22:24:34.151992,504.59,step_down,idle,geothermal,6,27.05,21.562,5.488,2400,0,100,0.75,2.402,2.402,3.15,3.203,1.312,-1.5924
2026-07-15T22:24:35.968002,506.42,step_down,idle,geothermal,6,27.05,21.625,5.425,2400,0,100,0.75,2.373,2.373,3.12,3.164,1.316,-1.5229
2026-07-15T22:24:37.792049,508.24,step_down,idle,geothermal,6,27.05,21.625,5.425,2400,0,100,0.75,2.356,2.356,3.11,3.141,1.318,-1.458
2026-07-15T22:24:39.587986,510.06,step_down,idle,geothermal,6,27.05,21.625,5.425,2400,0,100,0.75,2.341,2.341,3.09,3.121,1.32,-1.3975
2026-07-15T22:24:41.379987,511.86,step_down,idle,geothermal,6,26.5,21.625,4.875,2400,0,100,0.75,2.482,2.482,3.23,3.309,1.302,-1.3863
2026-07-15T22:24:43.199975,513.65,step_down,idle,geothermal,6,26.5,21.625,4.875,2400,0,100,0.75,2.573,2.573,3.32,3.431,1.292,-1.3732
2026-07-15T22:24:44.996001,515.47,step_down,idle,geothermal,6,26.5,21.625,4.875,2400,0,100,0.75,2.419,2.419,3.17,3.225,1.31,-1.3584
2026-07-15T22:24:46.816029,517.27,step_down,idle,geothermal,6,27.6,21.625,5.975,2400,0,100,0.75,2.371,2.371,3.12,3.161,1.316,-1.2626
2026-07-15T22:24:48.639993,519.09,step_down,idle,geothermal,6,26.5,21.625,4.875,2400,0,100,0.75,2.394,2.394,3.14,3.192,1.313,-1.2515
2026-07-15T22:24:50.436032,520.91,step_down,idle,geothermal,6,27.05,21.625,5.425,2400,0,100,0.75,2.409,2.409,3.16,3.212,1.311,-1.2023
2026-07-15T22:24:52.260006,522.71,step_down,idle,geothermal,6,27.05,21.625,5.425,2400,0,100,0.75,2.649,2.649,3.4,3.532,1.283,-1.1561
2026-07-15T22:24:54.084036,524.53,step_down,idle,geothermal,6,27.05,21.625,5.425,2400,0,100,0.75,2.465,2.465,3.22,3.287,1.304,-1.1126
2026-07-15T22:24:55.875999,526.35,step_down,idle,geothermal,6,27.05,21.625,5.425,2400,0,100,0.75,2.468,2.468,3.22,3.291,1.304,-1.0716
2026-07-15T22:24:57.704063,528.15,step_down,idle,geothermal,6,26.5,21.625,4.875,2400,0,100,0.75,2.588,2.588,3.34,3.451,1.29,-1.0647
2026-07-15T22:24:59.524068,529.97,step_down,idle,geothermal,6,27.05,21.562,5.488,2400,0,100,0.75,2.382,2.382,3.13,3.176,1.315,-1.0261
2026-07-15T22:25:01.343998,531.79,step_down,idle,geothermal,6,27.6,21.625,5.975,2400,0,100,0.75,2.358,2.358,3.11,3.144,1.318,-0.9602
2026-07-15T22:25:03.144067,533.61,step_down,idle,geothermal,6,26.5,21.625,4.875,2400,0,100,0.75,2.398,2.398,3.15,3.197,1.313,-0.9561
2026-07-15T22:25:04.963998,535.42,step_down,idle,geothermal,6,27.05,21.625,5.425,2400,0,100,0.75,2.392,2.392,3.14,3.189,1.314,-0.9235
2026-07-15T22:25:06.783991,537.23,step_down,idle,geothermal,6,27.6,21.625,5.975,2400,0,100,0.75,2.4,2.4,3.15,3.2,1.313,-0.8661
2026-07-15T22:25:08.576014,539.05,step_down,idle,geothermal,6,27.6,21.625,5.975,2400,0,100,0.75,2.421,2.421,3.17,3.228,1.31,-0.8127
2026-07-15T22:25:10.376009,540.85,step_down,idle,geothermal,6,27.05,21.562,5.488,2400,0,100,0.75,2.358,2.358,3.11,3.144,1.318,-0.788
2026-07-15T22:25:12.191991,542.65,step_down,idle,geothermal,6,26.5,21.625,4.875,2400,0,100,0.75,2.334,2.334,3.08,3.112,1.321,-0.7885
2026-07-15T22:25:13.983997,544.46,step_down,idle,geothermal,6,25.95,21.625,4.325,2400,0,100,0.75,2.338,2.338,3.09,3.117,1.321,-0.8114
2026-07-15T22:25:15.807980,546.26,step_down,idle,geothermal,6,27.05,21.562,5.488,2400,0,100,0.75,2.379,2.379,3.13,3.172,1.315,-0.786
2026-07-15T22:25:17.604019,548.08,step_down,idle,geothermal,6,27.05,21.625,5.425,2400,0,100,0.75,2.354,2.354,3.1,3.139,1.319,-0.7618
2026-07-15T22:25:19.428019,549.87,step_down,idle,geothermal,6,27.05,21.625,5.425,2400,0,100,0.75,2.398,2.398,3.15,3.197,1.313,-0.7388
2026-07-15T22:25:21.247984,551.7,step_down,idle,geothermal,6,27.05,21.625,5.425,2400,0,100,0.75,2.359,2.359,3.11,3.145,1.318,-0.4558
2026-07-15T22:25:23.040097,553.52,step_down,idle,geothermal,6,27.05,21.625,5.425,2400,0,100,0.75,2.455,2.455,3.2,3.273,1.306,-0.3185
2026-07-15T22:25:24.868031,555.31,step_down,idle,geothermal,6,26.5,21.625,4.875,2400,0,100,0.75,2.557,2.557,3.31,3.409,1.293,-0.2988
2026-07-15T22:25:26.688054,557.14,step_down,idle,geothermal,6,27.05,21.625,5.425,2400,0,100,0.75,2.396,2.396,3.15,3.195,1.313,-0.2361
2026-07-15T22:25:28.480033,558.96,step_down,idle,geothermal,6,27.05,21.625,5.425,2400,0,100,0.75,2.626,2.626,3.38,3.501,1.286,-0.1988
2026-07-15T22:25:30.304008,560.75,step_down,idle,geothermal,6,27.05,21.625,5.425,2400,0,100,0.75,2.5,2.5,3.25,3.333,1.3,-0.1477
2026-07-15T22:25:32.128005,562.58,step_down,idle,geothermal,6,27.05,21.625,5.425,2400,0,100,0.75,2.358,2.358,3.11,3.144,1.318,-0.1112
2026-07-15T22:25:33.956015,564.4,step_down,idle,geothermal,6,26.5,21.625,4.875,2400,0,100,0.75,2.397,2.397,3.15,3.196,1.313,-0.1128
2026-07-15T22:25:35.776004,566.23,step_down,idle,geothermal,6,27.05,21.625,5.425,2400,0,100,0.75,2.364,2.364,3.11,3.152,1.317,-0.1102
2026-07-15T22:25:37.572045,568.05,step_down,idle,geothermal,6,26.5,21.625,4.875,2400,0,100,0.75,2.367,2.367,3.12,3.156,1.317,-0.1274
2026-07-15T22:25:39.392004,569.84,step_down,idle,geothermal,6,25.95,21.625,4.325,2400,0,100,0.75,2.378,2.378,3.13,3.171,1.315,-0.1485
2026-07-15T22:25:41.220002,571.66,step_down,idle,geothermal,6,27.05,21.625,5.425,2400,0,100,0.75,2.409,2.409,3.16,3.212,1.311,-0.1011
2026-07-15T22:25:43.040084,573.49,step_down,idle,geothermal,6,27.05,21.625,5.425,2400,0,100,0.75,2.342,2.342,3.09,3.123,1.32,-0.115
2026-07-15T22:25:44.832025,575.31,step_down,idle,geothermal,6,27.05,21.625,5.425,2400,0,100,0.75,2.375,2.375,3.13,3.167,1.316,-0.1313
2026-07-15T22:25:46.656138,577.1,step_down,idle,geothermal,6,27.6,21.625,5.975,2400,0,100,0.75,2.38,2.38,3.13,3.173,1.315,-0.1007
2026-07-15T22:25:48.479993,578.93,step_down,idle,geothermal,6,27.6,21.625,5.975,2400,0,100,0.75,2.614,2.614,3.36,3.485,1.287,-0.0464
2026-07-15T22:25:50.276069,580.75,idle_post,idle,geothermal,6,27.05,21.625,5.425,2400,0,100,0.75,2.454,2.454,3.2,3.272,1.306,-0.0399
