timestamp,time_s,cycle_num,phase,load_state,cooling_type,trial,cpu_temp_c,ambient_c,delta_t_die_ambient_c,cpu_clock_mhz,throttled,pump_duty_pct,pump_power_w,pi_power_w,q_cpu_w,power_w,cop,pue,predicted_delta_t_c
2026-07-30T13:39:42.404133,0.0,1,cycle1_load,load,fan,20,35.6,20.125,15.475,2400,0,100,0.0,1.742,1.742,1.74,,1.0,15.475
2026-07-30T13:39:44.871004,1.9,1,cycle1_load,load,fan,20,41.1,20.125,20.975,2400,0,100,0.0,4.406,4.406,4.41,,1.0,19.406
2026-07-30T13:39:47.293497,4.36,1,cycle1_load,load,fan,20,46.1,20.125,25.975,2400,0,100,0.0,5.1,5.1,5.1,,1.0,24.267
2026-07-30T13:39:49.700917,6.79,1,cycle1_load,load,fan,20,48.8,20.125,28.675,2400,0,100,0.0,5.312,5.312,5.31,,1.0,27.86
2026-07-30T13:39:52.130349,9.19,1,cycle1_load,load,fan,20,50.5,20.125,30.375,2400,0,100,0.0,4.981,4.981,4.98,,1.0,29.691
2026-07-30T13:39:54.611125,11.62,1,cycle1_load,load,fan,20,52.1,20.187,31.913,2400,0,100,0.0,5.36,5.36,5.36,,1.0,31.699
2026-07-30T13:39:57.040217,14.1,1,cycle1_load,load,fan,20,52.7,20.187,32.513,2400,0,100,0.0,5.156,5.156,5.16,,1.0,32.757
2026-07-30T13:39:59.463932,16.53,1,cycle1_load,load,fan,20,53.2,20.187,33.013,2400,0,100,0.0,5.263,5.263,5.26,,1.0,33.731
2026-07-30T13:40:01.933273,18.96,1,cycle1_load,load,fan,20,54.3,20.187,34.113,2400,0,100,0.0,5.253,5.253,5.25,,1.0,34.448
2026-07-30T13:40:04.412489,21.43,1,cycle1_load,load,fan,20,54.9,20.187,34.713,2400,0,100,0.0,5.283,5.283,5.28,,1.0,35.082
2026-07-30T13:40:06.850843,23.91,1,cycle1_load,load,fan,20,56.0,20.187,35.813,2400,0,100,0.0,5.269,5.269,5.27,,1.0,35.569
2026-07-30T13:40:09.291327,26.34,1,cycle1_load,load,fan,20,56.5,20.187,36.313,2400,0,100,0.0,5.086,5.086,5.09,,1.0,35.636
2026-07-30T13:40:11.738924,28.78,1,cycle1_load,load,fan,20,56.5,20.187,36.313,2400,0,100,0.0,5.156,5.156,5.16,,1.0,35.898
2026-07-30T13:40:14.201691,31.23,1,cycle1_load,load,fan,20,57.6,20.187,37.413,2400,0,100,0.0,5.201,5.201,5.2,,1.0,36.24
2026-07-30T13:40:16.620601,33.7,1,cycle1_load,load,fan,20,56.5,20.187,36.313,2400,0,100,0.0,5.358,5.358,5.36,,1.0,36.844
2026-07-30T13:40:19.059732,36.11,1,cycle1_load,load,fan,20,57.1,20.125,36.975,2400,0,100,0.0,5.248,5.248,5.25,,1.0,37.113
2026-07-30T13:40:21.481987,38.55,1,cycle1_load,load,fan,20,58.2,20.187,38.013,2400,0,100,0.0,5.31,5.31,5.31,,1.0,37.487
2026-07-30T13:40:23.912449,40.98,1,cycle1_load,load,fan,20,59.3,20.187,39.113,2400,0,100,0.0,5.36,5.36,5.36,,1.0,37.902
2026-07-30T13:40:26.365425,43.41,1,cycle1_load,load,fan,20,58.2,20.187,38.013,2400,0,100,0.0,5.253,5.253,5.25,,1.0,38.055
2026-07-30T13:40:28.776020,45.86,1,cycle1_load,load,fan,20,58.7,20.187,38.513,2400,0,100,0.0,5.305,5.305,5.3,,1.0,38.327
2026-07-30T13:40:31.209935,48.27,1,cycle1_load,load,fan,20,59.8,20.125,39.675,2400,0,100,0.0,5.446,5.446,5.45,,1.0,38.834
2026-07-30T13:40:33.087069,50.7,1,cycle1_load,load,fan,20,58.7,20.187,38.513,2400,0,100,0.0,5.332,5.332,5.33,,1.0,39.032
2026-07-30T13:40:35.551027,52.58,1,cycle1_load,load,fan,20,57.6,20.187,37.413,2400,0,100,0.0,4.5,4.5,4.5,,1.0,37.942
2026-07-30T13:40:37.956630,55.04,1,cycle1_load,load,fan,20,58.7,20.187,38.513,2400,0,100,0.0,5.295,5.295,5.29,,1.0,38.492
2026-07-30T13:40:40.367789,57.45,1,cycle1_load,load,fan,20,60.4,20.125,40.275,2400,0,100,0.0,5.534,5.534,5.53,,1.0,39.345
2026-07-30T13:40:42.817044,59.86,1,cycle1_load,load,fan,20,59.8,20.187,39.613,2400,0,100,0.0,5.359,5.359,5.36,,1.0,39.65
2026-07-30T13:40:45.287864,62.31,1,cycle1_load,load,fan,20,59.8,20.187,39.613,2400,0,100,0.0,5.209,5.209,5.21,,1.0,39.636
2026-07-30T13:40:47.729472,64.78,1,cycle1_load,load,fan,20,59.8,20.187,39.613,2400,0,100,0.0,5.265,5.265,5.26,,1.0,39.79
2026-07-30T13:40:50.175608,67.22,1,cycle1_load,load,fan,20,60.4,20.187,40.213,2400,0,100,0.0,5.527,5.527,5.53,,1.0,40.434
2026-07-30T13:40:52.615646,69.67,1,cycle1_load,load,fan,20,60.4,20.187,40.213,2400,0,100,0.0,5.113,5.113,5.11,,1.0,40.144
2026-07-30T13:40:55.049112,72.11,1,cycle1_load,load,fan,20,60.9,20.187,40.713,2400,0,100,0.0,5.571,5.571,5.57,,1.0,40.857
2026-07-30T13:40:57.508604,74.54,1,cycle1_load,load,fan,20,61.5,20.187,41.313,2400,0,100,0.0,5.086,5.086,5.09,,1.0,40.481
2026-07-30T13:40:59.956773,77.0,1,cycle1_load,load,fan,20,61.5,20.187,41.313,2400,0,100,0.0,5.139,5.139,5.14,,1.0,40.378
2026-07-30T13:41:02.424380,79.45,1,cycle1_load,load,fan,20,62.0,20.25,41.75,2400,0,100,0.0,5.194,5.194,5.19,,1.0,40.459
2026-07-30T13:41:04.841005,81.92,1,cycle1_load,load,fan,20,61.5,20.125,41.375,2400,0,100,0.0,5.412,5.412,5.41,,1.0,40.966
2026-07-30T13:41:07.361091,84.33,1,cycle1_load,load,fan,20,60.9,20.187,40.713,2400,0,100,0.0,5.312,5.312,5.31,,1.0,41.154
2026-07-30T13:41:09.804299,86.86,1,cycle1_load,load,fan,20,60.9,20.187,40.713,2400,0,100,0.0,5.25,5.25,5.25,,1.0,41.209
2026-07-30T13:41:12.255063,89.3,1,cycle1_load,load,fan,20,61.5,20.187,41.313,2400,0,100,0.0,5.312,5.312,5.31,,1.0,41.402
2026-07-30T13:41:14.723836,91.75,1,cycle1_load,load,fan,20,61.5,20.187,41.313,2400,0,100,0.0,5.205,5.205,5.21,,1.0,41.37
2026-07-30T13:41:17.234472,94.22,1,cycle1_load,load,fan,20,62.0,20.187,41.813,2400,0,100,0.0,5.167,5.167,5.17,,1.0,41.317
2026-07-30T13:41:19.667019,96.73,1,cycle1_load,load,fan,20,60.9,20.187,40.713,2400,0,100,0.0,5.218,5.218,5.22,,1.0,41.417
2026-07-30T13:41:22.092252,99.16,1,cycle1_load,load,fan,20,61.5,20.187,41.313,2400,0,100,0.0,5.422,5.422,5.42,,1.0,41.893
2026-07-30T13:41:24.528992,101.59,1,cycle1_load,load,fan,20,62.0,20.187,41.813,2400,0,100,0.0,5.556,5.556,5.56,,1.0,42.491
2026-07-30T13:41:27.023006,104.02,1,cycle1_load,load,fan,20,62.6,20.187,42.413,2400,0,100,0.0,5.437,5.437,5.44,,1.0,42.705
2026-07-30T13:41:29.452835,106.52,1,cycle1_load,load,fan,20,63.1,20.187,42.913,2400,0,100,0.0,5.081,5.081,5.08,,1.0,42.213
2026-07-30T13:41:31.899302,108.95,1,cycle1_load,load,fan,20,62.0,20.187,41.813,2400,0,100,0.0,5.53,5.53,5.53,,1.0,42.763
2026-07-30T13:41:34.346884,111.39,1,cycle1_load,load,fan,20,62.6,20.187,42.413,2400,0,100,0.0,5.169,5.169,5.17,,1.0,42.49
2026-07-30T13:41:36.784226,113.84,1,cycle1_load,load,fan,20,62.6,20.187,42.413,2400,0,100,0.0,5.509,5.509,5.51,,1.0,42.974
2026-07-30T13:41:39.254672,116.28,1,cycle1_load,load,fan,20,62.0,20.187,41.813,2400,0,100,0.0,5.634,5.634,5.63,,1.0,43.557
2026-07-30T13:41:41.679953,118.75,1,cycle1_load,load,fan,20,62.0,20.187,41.813,2400,0,100,0.0,5.433,5.433,5.43,,1.0,43.603
2026-07-30T13:41:43.510848,121.17,1,cycle1_idle,idle,fan,20,63.1,20.187,42.913,2400,0,100,0.0,5.3,5.3,5.3,,1.0,43.42
2026-07-30T13:41:45.334786,123.0,1,cycle1_idle,idle,fan,20,54.9,20.187,34.713,2400,0,100,0.0,1.877,1.877,1.88,,1.0,38.334
2026-07-30T13:41:47.190811,124.83,1,cycle1_idle,idle,fan,20,50.5,20.187,30.313,2400,0,100,0.0,1.821,1.821,1.82,,1.0,34.539
2026-07-30T13:41:49.046791,126.68,1,cycle1_idle,idle,fan,20,49.4,20.187,29.213,2400,0,100,0.0,1.787,1.787,1.79,,1.0,31.649
2026-07-30T13:41:50.906843,128.55,1,cycle1_idle,idle,fan,20,47.7,20.187,27.513,2400,0,100,0.0,1.784,1.784,1.78,,1.0,29.497
2026-07-30T13:41:52.730814,130.4,1,cycle1_idle,idle,fan,20,46.1,20.187,25.913,2400,0,100,0.0,1.979,1.979,1.98,,1.0,28.2
2026-07-30T13:41:54.586823,132.22,1,cycle1_idle,idle,fan,20,46.1,20.25,25.85,2400,0,100,0.0,1.854,1.854,1.85,,1.0,27.044
2026-07-30T13:41:56.442813,134.09,1,cycle1_idle,idle,fan,20,45.0,20.187,24.813,2400,0,100,0.0,1.757,1.757,1.76,,1.0,25.993
2026-07-30T13:41:58.262785,135.94,1,cycle1_idle,idle,fan,20,43.3,20.187,23.113,2400,0,100,0.0,1.78,1.78,1.78,,1.0,25.227
2026-07-30T13:42:00.090771,137.76,1,cycle1_idle,idle,fan,20,42.8,20.25,22.55,2400,0,100,0.0,1.76,1.76,1.76,,1.0,24.601
2026-07-30T13:42:01.974776,139.62,1,cycle1_idle,idle,fan,20,42.2,20.187,22.013,2400,0,100,0.0,1.768,1.768,1.77,,1.0,24.098
2026-07-30T13:42:03.798772,141.47,1,cycle1_idle,idle,fan,20,43.3,20.187,23.113,2400,0,100,0.0,1.92,1.92,1.92,,1.0,23.914
2026-07-30T13:42:05.622786,143.29,1,cycle1_idle,idle,fan,20,41.7,20.187,21.513,2400,0,100,0.0,1.972,1.972,1.97,,1.0,23.813
2026-07-30T13:42:07.482802,145.12,1,cycle1_idle,idle,fan,20,41.7,20.187,21.513,2400,0,100,0.0,1.821,1.821,1.82,,1.0,23.475
2026-07-30T13:42:09.338783,146.98,1,cycle1_idle,idle,fan,20,40.6,20.187,20.413,2400,0,100,0.0,1.741,1.741,1.74,,1.0,23.064
2026-07-30T13:42:11.162789,148.83,1,cycle1_idle,idle,fan,20,40.6,20.187,20.413,2400,0,100,0.0,1.999,1.999,2.0,,1.0,23.103
2026-07-30T13:42:13.014802,150.67,1,cycle1_idle,idle,fan,20,40.0,20.187,19.813,2400,0,100,0.0,1.802,1.802,1.8,,1.0,22.802
2026-07-30T13:42:14.870809,152.51,1,cycle1_idle,idle,fan,20,39.5,20.187,19.313,2400,0,100,0.0,1.745,1.745,1.74,,1.0,22.457
2026-07-30T13:42:16.698802,154.36,1,cycle1_idle,idle,fan,20,39.5,20.187,19.313,2400,0,100,0.0,1.725,1.725,1.73,,1.0,22.133
2026-07-30T13:42:18.550820,156.2,1,cycle1_idle,idle,fan,20,39.5,20.187,19.313,2400,0,100,0.0,1.788,1.788,1.79,,1.0,21.952
2026-07-30T13:42:20.410812,158.04,1,cycle1_idle,idle,fan,20,39.5,20.187,19.313,2400,0,100,0.0,1.722,1.722,1.72,,1.0,21.684
2026-07-30T13:42:22.262838,159.9,1,cycle1_idle,idle,fan,20,38.9,20.187,18.713,2400,0,100,0.0,1.793,1.793,1.79,,1.0,21.552
2026-07-30T13:42:24.118762,161.76,1,cycle1_idle,idle,fan,20,39.5,20.187,19.313,2400,0,100,0.0,1.929,1.929,1.93,,1.0,21.62
2026-07-30T13:42:25.942781,163.61,1,cycle1_idle,idle,fan,20,38.9,20.187,18.713,2400,0,100,0.0,1.759,1.759,1.76,,1.0,21.383
2026-07-30T13:42:27.766816,165.44,1,cycle1_idle,idle,fan,20,38.9,20.187,18.713,2400,0,100,0.0,1.839,1.839,1.84,,1.0,21.294
2026-07-30T13:42:29.622806,167.26,1,cycle1_idle,idle,fan,20,38.4,20.187,18.213,2400,0,100,0.0,1.864,1.864,1.86,,1.0,21.231
2026-07-30T13:42:31.450818,169.12,1,cycle1_idle,idle,fan,20,38.9,20.187,18.713,2400,0,100,0.0,1.758,1.758,1.76,,1.0,20.995
2026-07-30T13:42:33.270804,170.94,1,cycle1_idle,idle,fan,20,38.4,20.187,18.213,2400,0,100,0.0,1.725,1.725,1.72,,1.0,20.744
2026-07-30T13:42:35.126803,172.77,1,cycle1_idle,idle,fan,20,37.8,20.187,17.613,2400,0,100,0.0,1.956,1.956,1.96,,1.0,20.866
2026-07-30T13:42:36.950773,174.62,1,cycle1_idle,idle,fan,20,38.4,20.187,18.213,2400,0,100,0.0,1.897,1.897,1.9,,1.0,20.839
2026-07-30T13:42:38.806824,176.44,1,cycle1_idle,idle,fan,20,37.3,20.187,17.113,2400,0,100,0.0,1.846,1.846,1.85,,1.0,20.716
2026-07-30T13:42:40.630798,178.3,1,cycle1_idle,idle,fan,20,37.8,20.187,17.613,2400,0,100,0.0,1.735,1.735,1.73,,1.0,20.431
2026-07-30T13:42:43.078969,180.12,2,cycle2_load,load,fan,20,37.3,20.187,17.113,2400,0,100,0.0,1.716,1.716,1.72,,1.0,20.17
2026-07-30T13:42:45.528556,182.57,2,cycle2_load,load,fan,20,46.6,20.187,26.413,2400,0,100,0.0,5.164,5.164,5.16,,1.0,26.309
2026-07-30T13:42:47.942289,185.02,2,cycle2_load,load,fan,20,50.5,20.187,30.313,2400,0,100,0.0,5.1,5.1,5.1,,1.0,30.231
2026-07-30T13:42:50.363932,187.44,2,cycle2_load,load,fan,20,51.6,20.187,31.413,2400,0,100,0.0,5.379,5.379,5.38,,1.0,33.318
2026-07-30T13:42:52.801744,189.86,2,cycle2_load,load,fan,20,53.2,20.187,33.013,2400,0,100,0.0,5.291,5.291,5.29,,1.0,35.243
2026-07-30T13:42:55.212349,192.3,2,cycle2_load,load,fan,20,56.0,20.187,35.813,2400,0,100,0.0,5.519,5.519,5.52,,1.0,36.996
2026-07-30T13:42:57.678298,194.71,2,cycle2_load,load,fan,20,55.4,20.187,35.213,2400,0,100,0.0,5.157,5.157,5.16,,1.0,37.532
2026-07-30T13:43:00.104191,197.17,2,cycle2_load,load,fan,20,56.5,20.187,36.313,2400,0,100,0.0,5.181,5.181,5.18,,1.0,37.996
2026-07-30T13:43:02.529594,199.6,2,cycle2_load,load,fan,20,56.0,20.187,35.813,2400,0,100,0.0,5.301,5.301,5.3,,1.0,38.576
2026-07-30T13:43:04.938628,202.02,2,cycle2_load,load,fan,20,58.2,20.187,38.013,2400,0,100,0.0,5.104,5.104,5.1,,1.0,38.652
2026-07-30T13:43:07.368187,204.43,2,cycle2_load,load,fan,20,57.1,20.187,36.913,2400,0,100,0.0,5.314,5.314,5.31,,1.0,39.143
2026-07-30T13:43:09.805673,206.86,2,cycle2_load,load,fan,20,59.3,20.187,39.113,2400,0,100,0.0,5.557,5.557,5.56,,1.0,39.976
2026-07-30T13:43:12.269396,209.3,2,cycle2_load,load,fan,20,58.7,20.187,38.513,2400,0,100,0.0,5.33,5.33,5.33,,1.0,40.164
2026-07-30T13:43:14.699632,211.78,2,cycle2_load,load,fan,20,58.7,20.187,38.513,2400,0,100,0.0,5.247,5.247,5.25,,1.0,40.191
2026-07-30T13:43:17.139408,214.19,2,cycle2_load,load,fan,20,59.8,20.187,39.613,2400,0,100,0.0,5.267,5.267,5.27,,1.0,40.298
2026-07-30T13:43:19.561707,216.63,2,cycle2_load,load,fan,20,60.9,20.187,40.713,2400,0,100,0.0,5.292,5.292,5.29,,1.0,40.468
2026-07-30T13:43:22.022588,219.06,2,cycle2_load,load,fan,20,60.4,20.187,40.213,2400,0,100,0.0,5.049,5.049,5.05,,1.0,40.179
2026-07-30T13:43:24.474035,221.52,2,cycle2_load,load,fan,20,59.8,20.187,39.613,2400,0,100,0.0,5.397,5.397,5.4,,1.0,40.683
2026-07-30T13:43:26.961791,223.97,2,cycle2_load,load,fan,20,59.8,20.187,39.613,2400,0,100,0.0,5.1,5.1,5.1,,1.0,40.506
2026-07-30T13:43:29.406162,226.46,2,cycle2_load,load,fan,20,59.8,20.25,39.55,2400,0,100,0.0,5.641,5.641,5.64,,1.0,41.454
2026-07-30T13:43:31.269050,228.9,2,cycle2_load,load,fan,20,60.9,20.187,40.713,2400,0,100,0.0,5.495,5.495,5.5,,1.0,41.84
2026-07-30T13:43:33.738158,230.76,2,cycle2_load,load,fan,20,58.7,20.187,38.513,2400,0,100,0.0,4.77,4.77,4.77,,1.0,41.0
2026-07-30T13:43:36.192200,233.23,2,cycle2_load,load,fan,20,60.9,20.187,40.713,2400,0,100,0.0,5.234,5.234,5.23,,1.0,41.133
2026-07-30T13:43:38.634404,235.69,2,cycle2_load,load,fan,20,62.0,20.187,41.813,2400,0,100,0.0,5.321,5.321,5.32,,1.0,41.421
2026-07-30T13:43:41.067539,238.13,2,cycle2_load,load,fan,20,62.0,20.187,41.813,2400,0,100,0.0,5.45,5.45,5.45,,1.0,41.888
2026-07-30T13:43:43.572780,240.56,2,cycle2_load,load,fan,20,60.9,20.187,40.713,2400,0,100,0.0,5.409,5.409,5.41,,1.0,42.158
2026-07-30T13:43:45.993839,243.07,2,cycle2_load,load,fan,20,60.9,20.187,40.713,2400,0,100,0.0,5.185,5.185,5.18,,1.0,41.956
2026-07-30T13:43:48.427091,245.49,2,cycle2_load,load,fan,20,61.5,20.187,41.313,2400,0,100,0.0,5.271,5.271,5.27,,1.0,42.022
2026-07-30T13:43:50.883387,247.92,2,cycle2_load,load,fan,20,62.0,20.187,41.813,2400,0,100,0.0,5.205,5.205,5.21,,1.0,41.977
2026-07-30T13:43:53.344304,250.38,2,cycle2_load,load,fan,20,63.1,20.187,42.913,2400,0,100,0.0,5.289,5.289,5.29,,1.0,42.137
2026-07-30T13:43:55.781015,252.84,2,cycle2_load,load,fan,20,61.5,20.187,41.313,2400,0,100,0.0,5.377,5.377,5.38,,1.0,42.439
2026-07-30T13:43:58.235511,255.27,2,cycle2_load,load,fan,20,62.0,20.187,41.813,2400,0,100,0.0,5.261,5.261,5.26,,1.0,42.452
2026-07-30T13:44:00.689710,257.73,2,cycle2_load,load,fan,20,62.0,20.187,41.813,2400,0,100,0.0,5.082,5.082,5.08,,1.0,42.157
2026-07-30T13:44:03.146863,260.18,2,cycle2_load,load,fan,20,62.6,20.187,42.413,2400,0,100,0.0,5.637,5.637,5.64,,1.0,43.026
2026-07-30T13:44:05.611079,262.64,2,cycle2_load,load,fan,20,62.0,20.187,41.813,2400,0,100,0.0,5.076,5.076,5.08,,1.0,42.582
2026-07-30T13:44:08.065414,265.1,2,cycle2_load,load,fan,20,62.0,20.25,41.75,2400,0,100,0.0,5.246,5.246,5.25,,1.0,42.634
2026-07-30T13:44:10.517081,267.56,2,cycle2_load,load,fan,20,63.1,20.187,42.913,2400,0,100,0.0,5.367,5.367,5.37,,1.0,42.92
2026-07-30T13:44:12.397087,270.01,2,cycle2_load,load,fan,20,63.1,20.187,42.913,2400,0,100,0.0,5.329,5.329,5.33,,1.0,43.063
2026-07-30T13:44:14.857244,271.89,2,cycle2_load,load,fan,20,60.9,20.187,40.713,2400,0,100,0.0,4.915,4.915,4.91,,1.0,42.537
2026-07-30T13:44:16.745699,274.35,2,cycle2_load,load,fan,20,62.0,20.187,41.813,2400,0,100,0.0,5.418,5.418,5.42,,1.0,43.02
2026-07-30T13:44:19.185686,276.24,2,cycle2_load,load,fan,20,59.8,20.187,39.613,2400,0,100,0.0,4.706,4.706,4.71,,1.0,42.222
2026-07-30T13:44:21.608202,278.68,2,cycle2_load,load,fan,20,61.5,20.187,41.313,2400,0,100,0.0,5.497,5.497,5.5,,1.0,42.992
2026-07-30T13:44:24.083466,281.1,2,cycle2_load,load,fan,20,62.0,20.187,41.813,2400,0,100,0.0,5.373,5.373,5.37,,1.0,43.288
2026-07-30T13:44:26.551624,283.58,2,cycle2_load,load,fan,20,62.6,20.187,42.413,2400,0,100,0.0,5.242,5.242,5.24,,1.0,43.264
2026-07-30T13:44:29.013705,286.05,2,cycle2_load,load,fan,20,62.0,20.187,41.813,2400,0,100,0.0,5.361,5.361,5.36,,1.0,43.493
2026-07-30T13:44:31.453963,288.51,2,cycle2_load,load,fan,20,63.7,20.187,43.513,2400,0,100,0.0,5.2,5.2,5.2,,1.0,43.363
2026-07-30T13:44:33.923423,290.95,2,cycle2_load,load,fan,20,63.1,20.187,42.913,2400,0,100,0.0,5.212,5.212,5.21,,1.0,43.319
2026-07-30T13:44:36.328708,293.42,2,cycle2_load,load,fan,20,63.1,20.187,42.913,2400,0,100,0.0,5.274,5.274,5.27,,1.0,43.424
2026-07-30T13:44:38.759563,295.82,2,cycle2_load,load,fan,20,63.7,20.125,43.575,2400,0,100,0.0,5.341,5.341,5.34,,1.0,43.633
2026-07-30T13:44:41.211331,298.25,2,cycle2_load,load,fan,20,62.6,20.187,42.413,2400,0,100,0.0,5.63,5.63,5.63,,1.0,44.325
2026-07-30T13:44:43.062807,300.71,2,cycle2_idle,idle,fan,20,62.6,20.187,42.413,2400,0,100,0.0,5.136,5.136,5.14,,1.0,43.886
2026-07-30T13:44:44.890785,302.56,2,cycle2_idle,idle,fan,20,54.9,20.187,34.713,2400,0,100,0.0,2.1,2.1,2.1,,1.0,39.184
2026-07-30T13:44:46.742811,304.38,2,cycle2_idle,idle,fan,20,52.1,20.187,31.913,2400,0,100,0.0,2.062,2.062,2.06,,1.0,35.727
2026-07-30T13:44:48.566781,306.24,2,cycle2_idle,idle,fan,20,49.4,20.187,29.213,2400,0,100,0.0,1.967,1.967,1.97,,1.0,33.005
2026-07-30T13:44:50.422797,308.06,2,cycle2_idle,idle,fan,20,47.7,20.187,27.513,2400,0,100,0.0,1.782,1.782,1.78,,1.0,30.745
2026-07-30T13:44:52.246799,309.92,2,cycle2_idle,idle,fan,20,47.2,20.187,27.013,2400,0,100,0.0,1.772,1.772,1.77,,1.0,29.011
2026-07-30T13:44:54.102806,311.74,2,cycle2_idle,idle,fan,20,46.1,20.187,25.913,2400,0,100,0.0,1.911,1.911,1.91,,1.0,27.925
2026-07-30T13:44:55.962798,313.6,2,cycle2_idle,idle,fan,20,45.0,20.187,24.813,2400,0,100,0.0,1.932,1.932,1.93,,1.0,27.103
2026-07-30T13:44:57.786806,315.46,2,cycle2_idle,idle,fan,20,45.5,20.187,25.313,2400,0,100,0.0,1.736,1.736,1.74,,1.0,26.164
2026-07-30T13:44:59.638771,317.28,2,cycle2_idle,idle,fan,20,43.9,20.187,23.713,2400,0,100,0.0,1.757,1.757,1.76,,1.0,25.474
2026-07-30T13:45:01.462797,319.13,2,cycle2_idle,idle,fan,20,43.3,20.187,23.113,2400,0,100,0.0,1.745,1.745,1.74,,1.0,24.895
2026-07-30T13:45:03.354789,321.01,2,cycle2_idle,idle,fan,20,42.2,20.187,22.013,2400,0,100,0.0,1.746,1.746,1.75,,1.0,24.418
2026-07-30T13:45:05.174785,322.85,2,cycle2_idle,idle,fan,20,41.7,20.187,21.513,2400,0,100,0.0,1.742,1.742,1.74,,1.0,24.021
2026-07-30T13:45:06.998796,324.67,2,cycle2_idle,idle,fan,20,42.8,20.187,22.613,2400,0,100,0.0,2.021,2.021,2.02,,1.0,24.092
2026-07-30T13:45:08.822782,326.49,2,cycle2_idle,idle,fan,20,42.2,20.187,22.013,2400,0,100,0.0,1.773,1.773,1.77,,1.0,23.736
2026-07-30T13:45:10.682811,328.32,2,cycle2_idle,idle,fan,20,41.1,20.187,20.913,2400,0,100,0.0,1.851,1.851,1.85,,1.0,23.543
2026-07-30T13:45:12.534780,330.18,2,cycle2_idle,idle,fan,20,42.2,20.187,22.013,2400,0,100,0.0,1.955,1.955,1.95,,1.0,23.508
2026-07-30T13:45:14.390792,332.04,2,cycle2_idle,idle,fan,20,40.0,20.187,19.813,2400,0,100,0.0,1.713,1.713,1.71,,1.0,23.079
2026-07-30T13:45:16.214796,333.88,2,cycle2_idle,idle,fan,20,41.1,20.187,20.913,2400,0,100,0.0,1.874,1.874,1.87,,1.0,22.962
2026-07-30T13:45:18.042785,335.71,2,cycle2_idle,idle,fan,20,40.0,20.187,19.813,2400,0,100,0.0,1.929,1.929,1.93,,1.0,22.915
2026-07-30T13:45:19.894795,337.54,2,cycle2_idle,idle,fan,20,40.0,20.125,19.875,2400,0,100,0.0,1.754,1.754,1.75,,1.0,22.584
2026-07-30T13:45:21.750786,339.39,2,cycle2_idle,idle,fan,20,39.5,20.187,19.313,2400,0,100,0.0,1.725,1.725,1.72,,1.0,22.257
2026-07-30T13:45:23.574778,341.24,2,cycle2_idle,idle,fan,20,40.0,20.187,19.813,2400,0,100,0.0,1.738,1.738,1.74,,1.0,21.996
2026-07-30T13:45:25.430780,343.08,2,cycle2_idle,idle,fan,20,39.5,20.187,19.313,2400,0,100,0.0,1.761,1.761,1.76,,1.0,21.801
2026-07-30T13:45:27.286789,344.92,2,cycle2_idle,idle,fan,20,39.5,20.187,19.313,2400,0,100,0.0,1.803,1.803,1.8,,1.0,21.681
2026-07-30T13:45:29.110789,346.78,2,cycle2_idle,idle,fan,20,38.9,20.187,18.713,2400,0,100,0.0,1.933,1.933,1.93,,1.0,21.747
2026-07-30T13:45:30.970799,348.62,2,cycle2_idle,idle,fan,20,38.9,20.187,18.713,2400,0,100,0.0,1.717,1.717,1.72,,1.0,21.442
2026-07-30T13:45:32.822802,350.46,2,cycle2_idle,idle,fan,20,38.9,20.187,18.713,2400,0,100,0.0,1.718,1.718,1.72,,1.0,21.183
2026-07-30T13:45:34.646866,352.32,2,cycle2_idle,idle,fan,20,38.4,20.187,18.213,2400,0,100,0.0,1.744,1.744,1.74,,1.0,20.996
2026-07-30T13:45:36.502800,354.15,2,cycle2_idle,idle,fan,20,38.9,20.187,18.713,2400,0,100,0.0,1.757,1.757,1.76,,1.0,20.845
2026-07-30T13:45:38.326779,356.0,2,cycle2_idle,idle,fan,20,38.9,20.187,18.713,2400,0,100,0.0,1.961,1.961,1.96,,1.0,21.001
2026-07-30T13:45:40.186807,357.82,2,cycle2_idle,idle,fan,20,36.7,20.187,16.513,2400,0,100,0.0,1.722,1.722,1.72,,1.0,20.733
2026-07-30T13:45:42.038821,359.69,2,cycle2_idle,idle,fan,20,37.8,20.187,17.613,2400,0,100,0.0,1.993,1.993,1.99,,1.0,20.904
2026-07-30T13:45:44.475112,361.53,3,cycle3_load,load,fan,20,37.8,20.187,17.613,2400,0,100,0.0,1.924,1.924,1.92,,1.0,20.895
2026-07-30T13:45:46.371174,363.97,3,cycle3_load,load,fan,20,47.2,20.187,27.013,2400,0,100,0.0,5.092,5.092,5.09,,1.0,26.725
2026-07-30T13:45:48.809683,365.86,3,cycle3_load,load,fan,20,47.7,20.187,27.513,2400,0,100,0.0,4.557,4.557,4.56,,1.0,29.04
2026-07-30T13:45:51.237248,368.3,3,cycle3_load,load,fan,20,52.1,20.187,31.913,2400,0,100,0.0,5.021,5.021,5.02,,1.0,31.972
2026-07-30T13:45:53.696700,370.73,3,cycle3_load,load,fan,20,53.8,20.187,33.613,2400,0,100,0.0,5.412,5.412,5.41,,1.0,34.649
2026-07-30T13:45:56.137397,373.19,3,cycle3_load,load,fan,20,55.4,20.125,35.275,2400,0,100,0.0,5.045,5.045,5.05,,1.0,35.793
2026-07-30T13:45:58.617094,375.63,3,cycle3_load,load,fan,20,56.0,20.187,35.813,2400,0,100,0.0,5.134,5.134,5.13,,1.0,36.752
2026-07-30T13:46:01.042548,378.11,3,cycle3_load,load,fan,20,56.0,20.187,35.813,2400,0,100,0.0,5.281,5.281,5.28,,1.0,37.72
2026-07-30T13:46:03.471303,380.54,3,cycle3_load,load,fan,20,56.5,20.187,36.313,2400,0,100,0.0,5.035,5.035,5.03,,1.0,37.941
2026-07-30T13:46:05.914806,382.96,3,cycle3_load,load,fan,20,57.1,20.187,36.913,2400,0,100,0.0,5.292,5.292,5.29,,1.0,38.614
2026-07-30T13:46:08.387260,385.41,3,cycle3_load,load,fan,20,58.2,20.187,38.013,2400,0,100,0.0,5.212,5.212,5.21,,1.0,38.966
2026-07-30T13:46:10.838705,387.88,3,cycle3_load,load,fan,20,58.2,20.187,38.013,2400,0,100,0.0,5.085,5.085,5.08,,1.0,39.016
2026-07-30T13:46:13.296265,390.33,3,cycle3_load,load,fan,20,58.7,20.125,38.575,2400,0,100,0.0,5.343,5.343,5.34,,1.0,39.58
2026-07-30T13:46:15.720488,392.79,3,cycle3_load,load,fan,20,58.7,20.187,38.513,2400,0,100,0.0,5.329,5.329,5.33,,1.0,39.979
2026-07-30T13:46:18.159026,395.21,3,cycle3_load,load,fan,20,60.9,20.187,40.713,2400,0,100,0.0,5.432,5.432,5.43,,1.0,40.479
2026-07-30T13:46:20.596530,397.65,3,cycle3_load,load,fan,20,59.8,20.187,39.613,2400,0,100,0.0,5.232,5.232,5.23,,1.0,40.492
2026-07-30T13:46:23.049662,400.09,3,cycle3_load,load,fan,20,59.3,20.187,39.113,2400,0,100,0.0,5.135,5.135,5.14,,1.0,40.37
2026-07-30T13:46:25.476618,402.54,3,cycle3_load,load,fan,20,60.4,20.187,40.213,2400,0,100,0.0,5.237,5.237,5.24,,1.0,40.525
2026-07-30T13:46:27.918484,404.97,3,cycle3_load,load,fan,20,60.4,20.187,40.213,2400,0,100,0.0,5.253,5.253,5.25,,1.0,40.7
2026-07-30T13:46:30.394609,407.41,3,cycle3_load,load,fan,20,60.9,20.187,40.713,2400,0,100,0.0,5.552,5.552,5.55,,1.0,41.416
2026-07-30T13:46:32.809267,409.89,3,cycle3_load,load,fan,20,60.9,20.187,40.713,2400,0,100,0.0,5.238,5.238,5.24,,1.0,41.35
2026-07-30T13:46:35.259943,412.3,3,cycle3_load,load,fan,20,60.4,20.187,40.213,2400,0,100,0.0,5.042,5.042,5.04,,1.0,40.988
2026-07-30T13:46:37.713316,414.75,3,cycle3_load,load,fan,20,60.9,20.187,40.713,2400,0,100,0.0,5.269,5.269,5.27,,1.0,41.208
2026-07-30T13:46:40.200195,417.21,3,cycle3_load,load,fan,20,60.9,20.187,40.713,2400,0,100,0.0,5.066,5.066,5.07,,1.0,41.012
2026-07-30T13:46:42.632011,419.69,3,cycle3_load,load,fan,20,61.5,20.125,41.375,2400,0,100,0.0,5.222,5.222,5.22,,1.0,41.211
2026-07-30T13:46:45.111004,422.13,3,cycle3_load,load,fan,20,62.0,20.187,41.813,2400,0,100,0.0,5.594,5.594,5.59,,1.0,42.063
2026-07-30T13:46:47.561141,424.6,3,cycle3_load,load,fan,20,62.0,20.125,41.875,2400,0,100,0.0,5.483,5.483,5.48,,1.0,42.465
2026-07-30T13:46:50.036538,427.05,3,cycle3_load,load,fan,20,63.1,20.125,42.975,2400,0,100,0.0,5.536,5.536,5.54,,1.0,42.863
2026-07-30T13:46:52.461450,429.53,3,cycle3_load,load,fan,20,62.6,20.187,42.413,2400,0,100,0.0,5.321,5.321,5.32,,1.0,42.763
2026-07-30T13:46:54.899187,431.96,3,cycle3_load,load,fan,20,62.0,20.187,41.813,2400,0,100,0.0,5.404,5.404,5.4,,1.0,42.888
2026-07-30T13:46:57.322194,434.39,3,cycle3_load,load,fan,20,62.6,20.125,42.475,2400,0,100,0.0,5.244,5.244,5.24,,1.0,42.709
2026-07-30T13:46:59.777548,436.82,3,cycle3_load,load,fan,20,62.0,20.187,41.813,2400,0,100,0.0,5.183,5.183,5.18,,1.0,42.511
2026-07-30T13:47:02.223640,439.27,3,cycle3_load,load,fan,20,62.6,20.125,42.475,2400,0,100,0.0,5.17,5.17,5.17,,1.0,42.383
2026-07-30T13:47:04.670969,441.72,3,cycle3_load,load,fan,20,62.0,20.187,41.813,2400,0,100,0.0,5.137,5.137,5.14,,1.0,42.265
2026-07-30T13:47:07.118712,444.16,3,cycle3_load,load,fan,20,63.1,20.125,42.975,2400,0,100,0.0,5.001,5.001,5.0,,1.0,41.959
2026-07-30T13:47:09.582650,446.61,3,cycle3_load,load,fan,20,61.5,20.187,41.313,2400,0,100,0.0,5.215,5.215,5.22,,1.0,42.178
2026-07-30T13:47:12.040724,449.08,3,cycle3_load,load,fan,20,63.7,20.187,43.513,2400,0,100,0.0,5.143,5.143,5.14,,1.0,42.21
2026-07-30T13:47:14.467116,451.53,3,cycle3_load,load,fan,20,62.6,20.187,42.413,2400,0,100,0.0,5.576,5.576,5.58,,1.0,43.062
2026-07-30T13:47:16.911418,453.96,3,cycle3_load,load,fan,20,62.6,20.187,42.413,2400,0,100,0.0,5.428,5.428,5.43,,1.0,43.368
2026-07-30T13:47:19.347284,456.41,3,cycle3_load,load,fan,20,63.7,20.187,43.513,2400,0,100,0.0,5.686,5.686,5.69,,1.0,44.078
2026-07-30T13:47:21.822614,458.84,3,cycle3_load,load,fan,20,63.7,20.125,43.575,2400,0,100,0.0,5.285,5.285,5.29,,1.0,43.83
2026-07-30T13:47:24.282177,461.32,3,cycle3_load,load,fan,20,63.7,20.187,43.513,2400,0,100,0.0,5.378,5.378,5.38,,1.0,43.865
2026-07-30T13:47:26.126637,463.78,3,cycle3_load,load,fan,20,63.7,20.187,43.513,2400,0,100,0.0,5.433,5.433,5.43,,1.0,44.016
2026-07-30T13:47:28.549539,465.62,3,cycle3_load,load,fan,20,62.6,20.125,42.475,2400,0,100,0.0,4.446,4.446,4.45,,1.0,42.658
2026-07-30T13:47:31.040273,468.04,3,cycle3_load,load,fan,20,63.7,20.125,43.575,2400,0,100,0.0,5.19,5.19,5.19,,1.0,42.801
2026-07-30T13:47:33.485902,470.53,3,cycle3_load,load,fan,20,63.7,20.125,43.575,2400,0,100,0.0,5.255,5.255,5.25,,1.0,43.037
2026-07-30T13:47:35.922361,472.98,3,cycle3_load,load,fan,20,63.7,20.125,43.575,2400,0,100,0.0,5.366,5.366,5.37,,1.0,43.411
2026-07-30T13:47:38.349648,475.42,3,cycle3_load,load,fan,20,62.6,20.125,42.475,2400,0,100,0.0,5.289,5.289,5.29,,1.0,43.531
2026-07-30T13:47:40.809358,477.84,3,cycle3_load,load,fan,20,63.1,20.125,42.975,2400,0,100,0.0,5.309,5.309,5.31,,1.0,43.665
2026-07-30T13:47:42.646802,480.3,3,cycle3_idle,idle,fan,20,63.1,20.187,42.913,2400,0,100,0.0,4.97,4.97,4.97,,1.0,43.137
2026-07-30T13:47:44.470789,482.14,3,cycle3_idle,idle,fan,20,54.9,20.125,34.775,2400,0,100,0.0,1.965,1.965,1.97,,1.0,38.463
2026-07-30T13:47:46.298790,483.96,3,cycle3_idle,idle,fan,20,52.7,20.187,32.513,2400,0,100,0.0,2.085,2.085,2.08,,1.0,35.23
2026-07-30T13:47:48.154826,485.81,3,cycle3_idle,idle,fan,20,51.6,20.125,31.475,2400,0,100,0.0,2.055,2.055,2.06,,1.0,32.766
2026-07-30T13:47:50.006800,487.65,3,cycle3_idle,idle,fan,20,49.9,20.187,29.713,2400,0,100,0.0,1.975,1.975,1.98,,1.0,30.832
2026-07-30T13:47:51.838806,489.5,3,cycle3_idle,idle,fan,20,47.7,20.187,27.513,2400,0,100,0.0,1.898,1.898,1.9,,1.0,29.254
2026-07-30T13:47:53.686801,491.33,3,cycle3_idle,idle,fan,20,46.1,20.125,25.975,2400,0,100,0.0,1.776,1.776,1.78,,1.0,27.893
2026-07-30T13:47:55.514815,493.18,3,cycle3_idle,idle,fan,20,45.0,20.125,24.875,2400,0,100,0.0,1.782,1.782,1.78,,1.0,26.853
2026-07-30T13:47:57.370818,495.01,3,cycle3_idle,idle,fan,20,45.5,20.125,25.375,2400,0,100,0.0,1.773,1.773,1.77,,1.0,26.041
2026-07-30T13:47:59.222801,496.87,3,cycle3_idle,idle,fan,20,42.8,20.125,22.675,2400,0,100,0.0,1.786,1.786,1.79,,1.0,25.407
2026-07-30T13:48:01.046792,498.72,3,cycle3_idle,idle,fan,20,43.9,20.125,23.775,2400,0,100,0.0,1.76,1.76,1.76,,1.0,24.86
2026-07-30T13:48:02.902773,500.54,3,cycle3_idle,idle,fan,20,44.4,20.125,24.275,2400,0,100,0.0,1.763,1.763,1.76,,1.0,24.421
2026-07-30T13:48:04.758816,502.4,3,cycle3_idle,idle,fan,20,42.8,20.187,22.613,2400,0,100,0.0,1.744,1.744,1.74,,1.0,24.016
2026-07-30T13:48:06.586810,504.25,3,cycle3_idle,idle,fan,20,43.3,20.187,23.113,2400,0,100,0.0,1.724,1.724,1.72,,1.0,23.642
2026-07-30T13:48:08.442775,506.08,3,cycle3_idle,idle,fan,20,42.2,20.187,22.013,2400,0,100,0.0,1.725,1.725,1.72,,1.0,23.327
2026-07-30T13:48:10.294776,507.95,3,cycle3_idle,idle,fan,20,41.1,20.187,20.913,2400,0,100,0.0,1.73,1.73,1.73,,1.0,23.05
2026-07-30T13:48:12.118793,509.79,3,cycle3_idle,idle,fan,20,40.6,20.187,20.413,2400,0,100,0.0,1.747,1.747,1.75,,1.0,22.83
2026-07-30T13:48:13.942782,511.61,3,cycle3_idle,idle,fan,20,41.1,20.187,20.913,2400,0,100,0.0,1.746,1.746,1.75,,1.0,22.623
2026-07-30T13:48:15.798844,513.44,3,cycle3_idle,idle,fan,20,41.1,20.125,20.975,2400,0,100,0.0,1.989,1.989,1.99,,1.0,22.782
2026-07-30T13:48:17.622790,515.29,3,cycle3_idle,idle,fan,20,41.1,20.187,20.913,2400,0,100,0.0,1.987,1.987,1.99,,1.0,22.854
2026-07-30T13:48:19.478776,517.12,3,cycle3_idle,idle,fan,20,39.5,20.187,19.313,2400,0,100,0.0,1.923,1.923,1.92,,1.0,22.773
2026-07-30T13:48:21.338802,518.98,3,cycle3_idle,idle,fan,20,39.5,20.125,19.375,2400,0,100,0.0,1.944,1.944,1.94,,1.0,22.703
2026-07-30T13:48:23.158775,520.83,3,cycle3_idle,idle,fan,20,39.5,20.187,19.313,2400,0,100,0.0,1.734,1.734,1.73,,1.0,22.304
2026-07-30T13:48:25.018769,522.65,3,cycle3_idle,idle,fan,20,38.9,20.187,18.713,2400,0,100,0.0,1.758,1.758,1.76,,1.0,22.015
2026-07-30T13:48:26.870790,524.52,3,cycle3_idle,idle,fan,20,40.0,20.187,19.813,2400,0,100,0.0,1.723,1.723,1.72,,1.0,21.707
2026-07-30T13:48:28.694790,526.36,3,cycle3_idle,idle,fan,20,38.9,20.187,18.713,2400,0,100,0.0,1.764,1.764,1.76,,1.0,21.509
2026-07-30T13:48:30.518786,528.19,3,cycle3_idle,idle,fan,20,38.9,20.187,18.713,2400,0,100,0.0,1.719,1.719,1.72,,1.0,21.263
2026-07-30T13:48:32.374774,530.02,3,cycle3_idle,idle,fan,20,38.9,20.187,18.713,2400,0,100,0.0,1.707,1.707,1.71,,1.0,21.029
2026-07-30T13:48:34.202809,531.87,3,cycle3_idle,idle,fan,20,38.9,20.187,18.713,2400,0,100,0.0,1.746,1.746,1.75,,1.0,20.878
2026-07-30T13:48:36.062782,533.7,3,cycle3_idle,idle,fan,20,38.9,20.187,18.713,2400,0,100,0.0,1.775,1.775,1.77,,1.0,20.777
2026-07-30T13:48:37.910783,535.57,3,cycle3_idle,idle,fan,20,37.3,20.187,17.113,2400,0,100,0.0,2.026,2.026,2.03,,1.0,21.042
2026-07-30T13:48:39.738803,537.4,3,cycle3_idle,idle,fan,20,38.4,20.187,18.213,2400,0,100,0.0,1.738,1.738,1.74,,1.0,20.777
2026-07-30T13:48:41.594787,539.23,3,cycle3_idle,idle,fan,20,37.3,20.187,17.113,2400,0,100,0.0,1.706,1.706,1.71,,1.0,20.505
2026-07-30T13:48:44.065149,541.09,4,cycle4_load,load,fan,20,37.8,20.187,17.613,2400,0,100,0.0,1.721,1.721,1.72,,1.0,20.295
2026-07-30T13:48:46.505322,543.56,4,cycle4_load,load,fan,20,46.6,20.187,26.413,2400,0,100,0.0,4.876,4.876,4.88,,1.0,25.977
2026-07-30T13:48:48.936448,546.0,4,cycle4_load,load,fan,20,49.9,20.187,29.713,2400,0,100,0.0,5.404,5.404,5.4,,1.0,30.639
2026-07-30T13:48:51.368767,548.43,4,cycle4_load,load,fan,20,53.2,20.187,33.013,2400,0,100,0.0,4.925,4.925,4.92,,1.0,32.837
2026-07-30T13:48:53.834858,550.86,4,cycle4_load,load,fan,20,54.3,20.187,34.113,2400,0,100,0.0,5.308,5.308,5.31,,1.0,35.03
2026-07-30T13:48:56.279825,553.33,4,cycle4_load,load,fan,20,55.4,20.187,35.213,2400,0,100,0.0,4.892,4.892,4.89,,1.0,35.76
2026-07-30T13:48:58.698635,555.77,4,cycle4_load,load,fan,20,55.4,20.187,35.213,2400,0,100,0.0,5.306,5.306,5.31,,1.0,37.052
2026-07-30T13:49:01.147952,558.19,4,cycle4_load,load,fan,20,57.1,20.187,36.913,2400,0,100,0.0,5.295,5.295,5.3,,1.0,37.927
2026-07-30T13:49:03.624027,560.64,4,cycle4_load,load,fan,20,57.6,20.187,37.413,2400,0,100,0.0,5.439,5.439,5.44,,1.0,38.835
2026-07-30T13:49:06.057904,563.12,4,cycle4_load,load,fan,20,58.2,20.125,38.075,2400,0,100,0.0,5.142,5.142,5.14,,1.0,38.939
2026-07-30T13:49:08.479674,565.55,4,cycle4_load,load,fan,20,58.2,20.187,38.013,2400,0,100,0.0,5.414,5.414,5.41,,1.0,39.565
2026-07-30T13:49:10.919928,567.97,4,cycle4_load,load,fan,20,59.3,20.187,39.113,2400,0,100,0.0,5.496,5.496,5.5,,1.0,40.184
2026-07-30T13:49:13.352550,570.41,4,cycle4_load,load,fan,20,59.3,20.125,39.175,2400,0,100,0.0,5.31,5.31,5.31,,1.0,40.308
2026-07-30T13:49:15.791063,572.85,4,cycle4_load,load,fan,20,59.8,20.187,39.613,2400,0,100,0.0,5.248,5.248,5.25,,1.0,40.329
2026-07-30T13:49:18.223340,575.28,4,cycle4_load,load,fan,20,59.8,20.187,39.613,2400,0,100,0.0,5.36,5.36,5.36,,1.0,40.603
2026-07-30T13:49:20.673642,577.72,4,cycle4_load,load,fan,20,60.4,20.125,40.275,2400,0,100,0.0,5.599,5.599,5.6,,1.0,41.278
2026-07-30T13:49:23.078940,580.17,4,cycle4_load,load,fan,20,60.9,20.125,40.775,2400,0,100,0.0,5.203,5.203,5.2,,1.0,41.041
2026-07-30T13:49:25.578954,582.57,4,cycle4_load,load,fan,20,62.0,20.187,41.813,2400,0,100,0.0,5.164,5.164,5.16,,1.0,40.864
2026-07-30T13:49:28.043081,585.07,4,cycle4_load,load,fan,20,60.9,20.125,40.775,2400,0,100,0.0,5.19,5.19,5.19,,1.0,40.838
2026-07-30T13:49:30.502828,587.54,4,cycle4_load,load,fan,20,60.4,20.187,40.213,2400,0,100,0.0,5.462,5.462,5.46,,1.0,41.374
2026-07-30T13:49:32.945349,590.0,4,cycle4_load,load,fan,20,61.5,20.125,41.375,2400,0,100,0.0,5.301,5.301,5.3,,1.0,41.47
2026-07-30T13:49:35.415256,592.44,4,cycle4_load,load,fan,20,61.5,20.125,41.375,2400,0,100,0.0,5.191,5.191,5.19,,1.0,41.37
2026-07-30T13:49:37.321345,594.91,4,cycle4_load,load,fan,20,61.5,20.187,41.313,2400,0,100,0.0,5.186,5.186,5.19,,1.0,41.334
2026-07-30T13:49:39.737628,596.82,4,cycle4_load,load,fan,20,60.4,20.125,40.275,2400,0,100,0.0,4.712,4.712,4.71,,1.0,40.624
2026-07-30T13:49:42.177097,599.23,4,cycle4_load,load,fan,20,62.6,20.187,42.413,2400,0,100,0.0,5.349,5.349,5.35,,1.0,41.201
2026-07-30T13:49:44.643207,601.67,4,cycle4_load,load,fan,20,62.6,20.125,42.475,2400,0,100,0.0,5.097,5.097,5.1,,1.0,41.151
2026-07-30T13:49:47.063001,604.14,4,cycle4_load,load,fan,20,62.0,20.125,41.875,2400,0,100,0.0,4.878,4.878,4.88,,1.0,40.739
2026-07-30T13:49:49.517990,606.56,4,cycle4_load,load,fan,20,62.0,20.187,41.813,2400,0,100,0.0,5.326,5.326,5.33,,1.0,41.326
2026-07-30T13:49:51.953132,609.01,4,cycle4_load,load,fan,20,62.6,20.125,42.475,2400,0,100,0.0,5.407,5.407,5.41,,1.0,41.9
2026-07-30T13:49:54.375013,611.45,4,cycle4_load,load,fan,20,62.0,20.125,41.875,2400,0,100,0.0,5.372,5.372,5.37,,1.0,42.242
2026-07-30T13:49:56.828837,613.87,4,cycle4_load,load,fan,20,62.0,20.125,41.875,2400,0,100,0.0,5.343,5.343,5.34,,1.0,42.445
2026-07-30T13:49:59.240461,616.32,4,cycle4_load,load,fan,20,62.6,20.125,42.475,2400,0,100,0.0,5.14,5.14,5.14,,1.0,42.233
2026-07-30T13:50:01.702290,618.73,4,cycle4_load,load,fan,20,62.6,20.125,42.475,2400,0,100,0.0,5.419,5.419,5.42,,1.0,42.638
2026-07-30T13:50:04.116933,621.2,4,cycle4_load,load,fan,20,62.0,20.187,41.813,2400,0,100,0.0,5.214,5.214,5.21,,1.0,42.557
2026-07-30T13:50:06.578869,623.61,4,cycle4_load,load,fan,20,63.7,20.125,43.575,2400,0,100,0.0,5.108,5.108,5.11,,1.0,42.337
2026-07-30T13:50:09.011101,626.07,4,cycle4_load,load,fan,20,63.1,20.187,42.913,2400,0,100,0.0,5.092,5.092,5.09,,1.0,42.183
2026-07-30T13:50:11.443601,628.5,4,cycle4_load,load,fan,20,63.1,20.125,42.975,2400,0,100,0.0,5.394,5.394,5.39,,1.0,42.666
2026-07-30T13:50:13.900277,630.94,4,cycle4_load,load,fan,20,63.1,20.125,42.975,2400,0,100,0.0,5.208,5.208,5.21,,1.0,42.665
2026-07-30T13:50:16.368058,633.39,4,cycle4_load,load,fan,20,63.7,20.125,43.575,2400,0,100,0.0,5.388,5.388,5.39,,1.0,43.024
2026-07-30T13:50:18.811044,635.86,4,cycle4_load,load,fan,20,63.1,20.125,42.975,2400,0,100,0.0,5.314,5.314,5.31,,1.0,43.147
2026-07-30T13:50:21.265055,638.3,4,cycle4_load,load,fan,20,62.0,20.125,41.875,2400,0,100,0.0,5.425,5.425,5.43,,1.0,43.457
2026-07-30T13:50:23.146809,640.76,4,cycle4_load,load,fan,20,63.1,20.187,42.913,2400,0,100,0.0,5.453,5.453,5.45,,1.0,43.74
2026-07-30T13:50:25.586105,642.64,4,cycle4_load,load,fan,20,62.6,20.187,42.413,2400,0,100,0.0,4.824,4.824,4.82,,1.0,42.965
2026-07-30T13:50:28.068666,645.08,4,cycle4_load,load,fan,20,63.1,20.187,42.913,2400,0,100,0.0,5.235,5.235,5.23,,1.0,43.048
2026-07-30T13:50:30.518953,647.56,4,cycle4_load,load,fan,20,62.6,20.187,42.413,2400,0,100,0.0,5.293,5.293,5.29,,1.0,43.232
2026-07-30T13:50:32.940679,650.01,4,cycle4_load,load,fan,20,63.1,20.125,42.975,2400,0,100,0.0,5.044,5.044,5.04,,1.0,42.907
2026-07-30T13:50:35.374257,652.43,4,cycle4_load,load,fan,20,63.1,20.125,42.975,2400,0,100,0.0,5.127,5.127,5.13,,1.0,42.863
2026-07-30T13:50:37.819919,654.87,4,cycle4_load,load,fan,20,63.7,20.187,43.513,2400,0,100,0.0,5.227,5.227,5.23,,1.0,43.034
2026-07-30T13:50:40.306265,657.31,4,cycle4_load,load,fan,20,64.8,20.187,44.613,2400,0,100,0.0,5.236,5.236,5.24,,1.0,43.18
2026-07-30T13:50:42.760851,659.8,4,cycle4_load,load,fan,20,63.7,20.187,43.513,2400,0,100,0.0,5.167,5.167,5.17,,1.0,43.163
2026-07-30T13:50:44.606776,662.26,4,cycle4_idle,idle,fan,20,63.7,20.187,43.513,2400,0,100,0.0,5.175,5.175,5.17,,1.0,43.181
2026-07-30T13:50:46.454786,664.1,4,cycle4_idle,idle,fan,20,56.0,20.187,35.813,2400,0,100,0.0,1.85,1.85,1.85,,1.0,38.301
2026-07-30T13:50:48.310786,665.95,4,cycle4_idle,idle,fan,20,52.1,20.187,31.913,2400,0,100,0.0,1.934,1.934,1.93,,1.0,34.846
2026-07-30T13:50:50.134809,667.8,4,cycle4_idle,idle,fan,20,50.5,20.187,30.313,2400,0,100,0.0,2.034,2.034,2.03,,1.0,32.438
2026-07-30T13:50:51.994813,669.63,4,cycle4_idle,idle,fan,20,47.7,20.125,27.575,2400,0,100,0.0,1.958,1.958,1.96,,1.0,30.567
2026-07-30T13:50:53.846835,671.49,4,cycle4_idle,idle,fan,20,47.2,20.125,27.075,2400,0,100,0.0,1.801,1.801,1.8,,1.0,28.901
2026-07-30T13:50:55.674806,673.34,4,cycle4_idle,idle,fan,20,46.6,20.187,26.413,2400,0,100,0.0,2.021,2.021,2.02,,1.0,27.974
2026-07-30T13:50:57.526808,675.17,4,cycle4_idle,idle,fan,20,45.0,20.187,24.813,2400,0,100,0.0,1.763,1.763,1.76,,1.0,26.884
2026-07-30T13:50:59.382817,677.03,4,cycle4_idle,idle,fan,20,45.0,20.187,24.813,2400,0,100,0.0,1.753,1.753,1.75,,1.0,26.009
2026-07-30T13:51:01.210825,678.88,4,cycle4_idle,idle,fan,20,42.8,20.125,22.675,2400,0,100,0.0,1.752,1.752,1.75,,1.0,25.328
2026-07-30T13:51:03.062836,680.7,4,cycle4_idle,idle,fan,20,43.3,20.187,23.113,2400,0,100,0.0,1.726,1.726,1.73,,1.0,24.748
2026-07-30T13:51:04.918819,682.56,4,cycle4_idle,idle,fan,20,43.9,20.187,23.713,2400,0,100,0.0,1.768,1.768,1.77,,1.0,24.329
2026-07-30T13:51:06.746813,684.41,4,cycle4_idle,idle,fan,20,42.8,20.187,22.613,2400,0,100,0.0,1.756,1.756,1.76,,1.0,23.958
2026-07-30T13:51:08.598826,686.24,4,cycle4_idle,idle,fan,20,41.7,20.187,21.513,2400,0,100,0.0,1.722,1.722,1.72,,1.0,23.592
2026-07-30T13:51:10.454797,688.11,4,cycle4_idle,idle,fan,20,42.2,20.187,22.013,2400,0,100,0.0,1.742,1.742,1.74,,1.0,23.3
2026-07-30T13:51:12.282808,689.95,4,cycle4_idle,idle,fan,20,41.7,20.187,21.513,2400,0,100,0.0,1.745,1.745,1.75,,1.0,23.046
2026-07-30T13:51:14.102813,691.78,4,cycle4_idle,idle,fan,20,41.7,20.187,21.513,2400,0,100,0.0,1.714,1.714,1.71,,1.0,22.771
2026-07-30T13:51:15.958802,693.61,4,cycle4_idle,idle,fan,20,40.6,20.187,20.413,2400,0,100,0.0,1.747,1.747,1.75,,1.0,22.572
2026-07-30T13:51:17.818810,695.45,4,cycle4_idle,idle,fan,20,39.5,20.187,19.313,2400,0,100,0.0,1.75,1.75,1.75,,1.0,22.385
2026-07-30T13:51:19.638809,697.31,4,cycle4_idle,idle,fan,20,40.0,20.187,19.813,2400,0,100,0.0,1.961,1.961,1.96,,1.0,22.517
2026-07-30T13:51:21.494792,699.14,4,cycle4_idle,idle,fan,20,40.0,20.125,19.875,2400,0,100,0.0,1.976,1.976,1.98,,1.0,22.592
2026-07-30T13:51:23.350782,700.99,4,cycle4_idle,idle,fan,20,41.1,20.187,20.913,2400,0,100,0.0,1.988,1.988,1.99,,1.0,22.625
2026-07-30T13:51:25.206789,702.84,4,cycle4_idle,idle,fan,20,40.0,20.187,19.813,2400,0,100,0.0,1.914,1.914,1.91,,1.0,22.502
2026-07-30T13:51:27.062770,704.71,4,cycle4_idle,idle,fan,20,40.0,20.187,19.813,2400,0,100,0.0,1.722,1.722,1.72,,1.0,22.089
2026-07-30T13:51:28.886805,706.56,4,cycle4_idle,idle,fan,20,39.5,20.187,19.313,2400,0,100,0.0,1.746,1.746,1.75,,1.0,21.788
2026-07-30T13:51:30.710781,708.38,4,cycle4_idle,idle,fan,20,39.5,20.187,19.313,2400,0,100,0.0,1.73,1.73,1.73,,1.0,21.512
2026-07-30T13:51:32.570789,710.2,4,cycle4_idle,idle,fan,20,38.9,20.187,18.713,2400,0,100,0.0,1.718,1.718,1.72,,1.0,21.256
2026-07-30T13:51:34.422797,712.06,4,cycle4_idle,idle,fan,20,39.5,20.187,19.313,2400,0,100,0.0,1.707,1.707,1.71,,1.0,21.012
2026-07-30T13:51:36.250792,713.92,4,cycle4_idle,idle,fan,20,38.4,20.187,18.213,2400,0,100,0.0,1.715,1.715,1.71,,1.0,20.812
2026-07-30T13:51:38.102785,715.75,4,cycle4_idle,idle,fan,20,38.9,20.187,18.713,2400,0,100,0.0,1.748,1.748,1.75,,1.0,20.68
2026-07-30T13:51:39.926777,717.6,4,cycle4_idle,idle,fan,20,38.4,20.187,18.213,2400,0,100,0.0,1.745,1.745,1.75,,1.0,20.545
2026-07-30T13:51:41.782772,719.42,4,cycle4_idle,idle,fan,20,38.4,20.187,18.213,2400,0,100,0.0,1.713,1.713,1.71,,1.0,20.368
2026-07-30T13:51:44.242864,721.28,5,cycle5_load,load,fan,20,38.4,20.187,18.213,2400,0,100,0.0,1.716,1.716,1.72,,1.0,20.208
2026-07-30T13:51:46.124696,723.74,5,cycle5_load,load,fan,20,48.3,20.187,28.113,2400,0,100,0.0,5.154,5.154,5.15,,1.0,26.445
2026-07-30T13:51:48.557432,725.62,5,cycle5_load,load,fan,20,48.3,20.187,28.113,2400,0,100,0.0,4.423,4.423,4.42,,1.0,28.627
2026-07-30T13:51:51.015474,728.05,5,cycle5_load,load,fan,20,52.1,20.187,31.913,2400,0,100,0.0,5.377,5.377,5.38,,1.0,32.359
2026-07-30T13:51:53.462538,730.51,5,cycle5_load,load,fan,20,53.8,20.187,33.613,2400,0,100,0.0,5.491,5.491,5.49,,1.0,35.086
2026-07-30T13:51:55.955766,732.96,5,cycle5_load,load,fan,20,55.4,20.187,35.213,2400,0,100,0.0,5.247,5.247,5.25,,1.0,36.462
2026-07-30T13:51:58.374845,735.45,5,cycle5_load,load,fan,20,55.4,20.187,35.213,2400,0,100,0.0,5.368,5.368,5.37,,1.0,37.663
2026-07-30T13:52:00.860504,737.87,5,cycle5_load,load,fan,20,56.5,20.187,36.313,2400,0,100,0.0,5.142,5.142,5.14,,1.0,38.066
2026-07-30T13:52:03.360606,740.35,5,cycle5_load,load,fan,20,57.6,20.187,37.413,2400,0,100,0.0,4.974,4.974,4.97,,1.0,38.078
2026-07-30T13:52:05.772880,742.85,5,cycle5_load,load,fan,20,56.5,20.187,36.313,2400,0,100,0.0,5.112,5.112,5.11,,1.0,38.4
2026-07-30T13:52:08.233708,745.27,5,cycle5_load,load,fan,20,59.8,20.187,39.613,2400,0,100,0.0,5.125,5.125,5.12,,1.0,38.68
2026-07-30T13:52:10.725912,747.73,5,cycle5_load,load,fan,20,59.3,20.187,39.113,2400,0,100,0.0,5.111,5.111,5.11,,1.0,38.892
2026-07-30T13:52:13.161235,750.22,5,cycle5_load,load,fan,20,58.7,20.187,38.513,2400,0,100,0.0,5.189,5.189,5.19,,1.0,39.231
2026-07-30T13:52:15.567143,752.65,5,cycle5_load,load,fan,20,59.8,20.187,39.613,2400,0,100,0.0,5.588,5.588,5.59,,1.0,40.237
2026-07-30T13:52:18.015586,755.06,5,cycle5_load,load,fan,20,59.3,20.187,39.113,2400,0,100,0.0,5.303,5.303,5.3,,1.0,40.423
2026-07-30T13:52:20.486992,757.51,5,cycle5_load,load,fan,20,59.8,20.187,39.613,2400,0,100,0.0,5.282,5.282,5.28,,1.0,40.56
2026-07-30T13:52:22.923072,759.98,5,cycle5_load,load,fan,20,60.4,20.187,40.213,2400,0,100,0.0,5.329,5.329,5.33,,1.0,40.789
2026-07-30T13:52:25.398970,762.42,5,cycle5_load,load,fan,20,60.4,20.187,40.213,2400,0,100,0.0,5.64,5.64,5.64,,1.0,41.563
2026-07-30T13:52:27.903091,764.89,5,cycle5_load,load,fan,20,62.0,20.187,41.813,2400,0,100,0.0,5.019,5.019,5.02,,1.0,40.964
2026-07-30T13:52:29.799096,767.4,5,cycle5_load,load,fan,20,61.5,20.187,41.313,2400,0,100,0.0,5.104,5.104,5.1,,1.0,40.775
2026-07-30T13:52:31.644963,769.29,5,cycle5_load,load,fan,20,59.3,20.187,39.113,2400,0,100,0.0,4.672,4.672,4.67,,1.0,40.055
2026-07-30T13:52:34.096698,771.14,5,cycle5_load,load,fan,20,58.7,20.187,38.513,2400,0,100,0.0,4.428,4.428,4.43,,1.0,39.206
2026-07-30T13:52:36.523959,773.59,5,cycle5_load,load,fan,20,60.9,20.187,40.713,2400,0,100,0.0,5.328,5.328,5.33,,1.0,40.126
2026-07-30T13:52:38.400893,776.02,5,cycle5_load,load,fan,20,60.9,20.187,40.713,2400,0,100,0.0,5.177,5.177,5.18,,1.0,40.479
2026-07-30T13:52:40.296966,777.89,5,cycle5_load,load,fan,20,59.8,20.187,39.613,2400,0,100,0.0,5.038,5.038,5.04,,1.0,40.482
2026-07-30T13:52:42.779556,779.79,5,cycle5_load,load,fan,20,59.3,20.187,39.113,2400,0,100,0.0,4.716,4.716,4.72,,1.0,40.019
2026-07-30T13:52:45.193398,782.27,5,cycle5_load,load,fan,20,60.9,20.187,40.713,2400,0,100,0.0,5.273,5.273,5.27,,1.0,40.674
2026-07-30T13:52:47.629238,784.69,5,cycle5_load,load,fan,20,60.9,20.187,40.713,2400,0,100,0.0,5.329,5.329,5.33,,1.0,41.227
2026-07-30T13:52:50.050767,787.12,5,cycle5_load,load,fan,20,60.9,20.187,40.713,2400,0,100,0.0,5.127,5.127,5.13,,1.0,41.253
2026-07-30T13:52:52.479221,789.54,5,cycle5_load,load,fan,20,62.6,20.187,42.413,2400,0,100,0.0,5.554,5.554,5.55,,1.0,42.088
2026-07-30T13:52:54.938457,791.97,5,cycle5_load,load,fan,20,62.0,20.187,41.813,2400,0,100,0.0,5.064,5.064,5.06,,1.0,41.769
2026-07-30T13:52:57.394479,794.43,5,cycle5_load,load,fan,20,62.6,20.187,42.413,2400,0,100,0.0,5.507,5.507,5.51,,1.0,42.415
2026-07-30T13:52:59.818061,796.89,5,cycle5_load,load,fan,20,62.6,20.187,42.413,2400,0,100,0.0,5.224,5.224,5.22,,1.0,42.344
2026-07-30T13:53:02.275892,799.31,5,cycle5_load,load,fan,20,62.6,20.187,42.413,2400,0,100,0.0,5.321,5.321,5.32,,1.0,42.508
2026-07-30T13:53:04.721086,801.77,5,cycle5_load,load,fan,20,62.0,20.187,41.813,2400,0,100,0.0,5.144,5.144,5.14,,1.0,42.317
2026-07-30T13:53:07.170177,804.22,5,cycle5_load,load,fan,20,62.0,20.187,41.813,2400,0,100,0.0,5.157,5.157,5.16,,1.0,42.243
2026-07-30T13:53:09.662243,806.66,5,cycle5_load,load,fan,20,62.6,20.187,42.413,2400,0,100,0.0,5.054,5.054,5.05,,1.0,42.028
2026-07-30T13:53:12.112596,809.16,5,cycle5_load,load,fan,20,62.0,20.187,41.813,2400,0,100,0.0,5.147,5.147,5.15,,1.0,42.084
2026-07-30T13:53:14.582518,811.61,5,cycle5_load,load,fan,20,63.1,20.187,42.913,2400,0,100,0.0,5.302,5.302,5.3,,1.0,42.431
2026-07-30T13:53:17.039365,814.08,5,cycle5_load,load,fan,20,63.7,20.187,43.513,2400,0,100,0.0,5.152,5.152,5.15,,1.0,42.404
2026-07-30T13:53:19.471744,816.53,5,cycle5_load,load,fan,20,63.1,20.187,42.913,2400,0,100,0.0,5.581,5.581,5.58,,1.0,43.21
2026-07-30T13:53:21.912677,818.97,5,cycle5_load,load,fan,20,63.7,20.187,43.513,2400,0,100,0.0,5.125,5.125,5.13,,1.0,42.916
2026-07-30T13:53:24.387876,821.41,5,cycle5_load,load,fan,20,62.6,20.187,42.413,2400,0,100,0.0,5.2,5.2,5.2,,1.0,42.883
2026-07-30T13:53:26.231018,823.88,5,cycle5_load,load,fan,20,63.7,20.187,43.513,2400,0,100,0.0,5.535,5.535,5.54,,1.0,43.513
2026-07-30T13:53:28.650683,825.72,5,cycle5_load,load,fan,20,61.5,20.187,41.313,2400,0,100,0.0,4.751,4.751,4.75,,1.0,42.699
2026-07-30T13:53:31.093113,828.14,5,cycle5_load,load,fan,20,63.1,20.187,42.913,2400,0,100,0.0,5.385,5.385,5.39,,1.0,43.139
2026-07-30T13:53:33.575897,830.59,5,cycle5_load,load,fan,20,62.6,20.187,42.413,2400,0,100,0.0,5.016,5.016,5.02,,1.0,42.766
2026-07-30T13:53:35.980771,833.07,5,cycle5_load,load,fan,20,62.6,20.187,42.413,2400,0,100,0.0,5.38,5.38,5.38,,1.0,43.22
2026-07-30T13:53:38.438381,835.47,5,cycle5_load,load,fan,20,64.2,20.187,44.013,2400,0,100,0.0,5.387,5.387,5.39,,1.0,43.541
2026-07-30T13:53:40.873151,837.93,5,cycle5_load,load,fan,20,63.1,20.187,42.913,2400,0,100,0.0,5.25,5.25,5.25,,1.0,43.521
2026-07-30T13:53:42.710806,840.37,5,cycle5_idle,idle,fan,20,63.7,20.187,43.513,2400,0,100,0.0,5.189,5.189,5.19,,1.0,43.413
2026-07-30T13:53:44.534781,842.2,5,cycle5_idle,idle,fan,20,54.3,20.125,34.175,2400,0,100,0.0,1.875,1.875,1.88,,1.0,38.503
2026-07-30T13:53:46.358767,844.03,5,cycle5_idle,idle,fan,20,51.6,20.187,31.413,2400,0,100,0.0,1.865,1.865,1.87,,1.0,34.911
2026-07-30T13:53:48.182784,845.85,5,cycle5_idle,idle,fan,20,49.4,20.125,29.275,2400,0,100,0.0,1.803,1.803,1.8,,1.0,32.166
2026-07-30T13:53:50.038775,847.68,5,cycle5_idle,idle,fan,20,47.7,20.125,27.575,2400,0,100,0.0,1.779,1.779,1.78,,1.0,30.079
2026-07-30T13:53:51.870783,849.53,5,cycle5_idle,idle,fan,20,46.6,20.125,26.475,2400,0,100,0.0,1.783,1.783,1.78,,1.0,28.508
2026-07-30T13:53:53.718794,851.36,5,cycle5_idle,idle,fan,20,46.6,20.187,26.413,2400,0,100,0.0,1.995,1.995,1.99,,1.0,27.636
2026-07-30T13:53:55.542793,853.21,5,cycle5_idle,idle,fan,20,45.0,20.187,24.813,2400,0,100,0.0,1.913,1.913,1.91,,1.0,26.827
2026-07-30T13:53:57.406782,855.04,5,cycle5_idle,idle,fan,20,44.4,20.187,24.213,2400,0,100,0.0,2.004,2.004,2.0,,1.0,26.33
2026-07-30T13:53:59.254777,856.9,5,cycle5_idle,idle,fan,20,44.4,20.187,24.213,2400,0,100,0.0,2.039,2.039,2.04,,1.0,25.964
2026-07-30T13:54:01.082820,858.76,5,cycle5_idle,idle,fan,20,43.9,20.187,23.713,2400,0,100,0.0,1.764,1.764,1.76,,1.0,25.245
2026-07-30T13:54:02.934821,860.58,5,cycle5_idle,idle,fan,20,43.3,20.187,23.113,2400,0,100,0.0,1.729,1.729,1.73,,1.0,24.632
2026-07-30T13:54:04.790781,862.43,5,cycle5_idle,idle,fan,20,42.2,20.187,22.013,2400,0,100,0.0,1.752,1.752,1.75,,1.0,24.162
2026-07-30T13:54:06.646835,864.28,5,cycle5_idle,idle,fan,20,42.8,20.187,22.613,2400,0,100,0.0,1.759,1.759,1.76,,1.0,23.781
2026-07-30T13:54:08.502803,866.14,5,cycle5_idle,idle,fan,20,42.2,20.187,22.013,2400,0,100,0.0,1.717,1.717,1.72,,1.0,23.393
2026-07-30T13:54:10.358790,868.0,5,cycle5_idle,idle,fan,20,42.2,20.187,22.013,2400,0,100,0.0,1.727,1.727,1.73,,1.0,23.078
2026-07-30T13:54:12.214821,869.87,5,cycle5_idle,idle,fan,20,40.6,20.187,20.413,2400,0,100,0.0,1.887,1.887,1.89,,1.0,23.038
2026-07-30T13:54:14.070818,871.71,5,cycle5_idle,idle,fan,20,41.7,20.187,21.513,2400,0,100,0.0,1.881,1.881,1.88,,1.0,22.956
2026-07-30T13:54:15.898778,873.56,5,cycle5_idle,idle,fan,20,39.5,20.187,19.313,2400,0,100,0.0,1.759,1.759,1.76,,1.0,22.671
2026-07-30T13:54:17.754791,875.39,5,cycle5_idle,idle,fan,20,40.0,20.187,19.813,2400,0,100,0.0,1.716,1.716,1.72,,1.0,22.361
2026-07-30T13:54:19.574809,877.25,5,cycle5_idle,idle,fan,20,40.6,20.187,20.413,2400,0,100,0.0,1.72,1.72,1.72,,1.0,22.095
2026-07-30T13:54:21.430793,879.07,5,cycle5_idle,idle,fan,20,39.5,20.187,19.313,2400,0,100,0.0,1.757,1.757,1.76,,1.0,21.918
2026-07-30T13:54:23.286784,880.93,5,cycle5_idle,idle,fan,20,40.0,20.187,19.813,2400,0,100,0.0,1.832,1.832,1.83,,1.0,21.856
2026-07-30T13:54:25.110796,882.78,5,cycle5_idle,idle,fan,20,40.0,20.187,19.813,2400,0,100,0.0,1.909,1.909,1.91,,1.0,21.885
2026-07-30T13:54:26.934772,884.6,5,cycle5_idle,idle,fan,20,38.9,20.187,18.713,2400,0,100,0.0,1.932,1.932,1.93,,1.0,21.903
2026-07-30T13:54:28.790808,886.43,5,cycle5_idle,idle,fan,20,38.9,20.125,18.775,2400,0,100,0.0,1.964,1.964,1.96,,1.0,21.927
2026-07-30T13:54:30.614783,888.28,5,cycle5_idle,idle,fan,20,39.5,20.125,19.375,2400,0,100,0.0,1.742,1.742,1.74,,1.0,21.582
2026-07-30T13:54:32.470799,890.11,5,cycle5_idle,idle,fan,20,38.4,20.187,18.213,2400,0,100,0.0,1.954,1.954,1.95,,1.0,21.609
2026-07-30T13:54:34.326779,891.97,5,cycle5_idle,idle,fan,20,38.9,20.187,18.713,2400,0,100,0.0,1.732,1.732,1.73,,1.0,21.267
2026-07-30T13:54:36.186787,893.82,5,cycle5_idle,idle,fan,20,38.9,20.187,18.713,2400,0,100,0.0,1.719,1.719,1.72,,1.0,20.966
2026-07-30T13:54:38.042781,895.68,5,cycle5_idle,idle,fan,20,38.9,20.187,18.713,2400,0,100,0.0,1.755,1.755,1.76,,1.0,20.766
2026-07-30T13:54:39.894794,897.54,5,cycle5_idle,idle,fan,20,37.8,20.187,17.613,2400,0,100,0.0,1.755,1.755,1.75,,1.0,20.588
2026-07-30T13:54:41.750774,899.39,5,cycle5_idle,idle,fan,20,38.4,20.125,18.275,2400,0,100,0.0,1.757,1.757,1.76,,1.0,20.429
